# -*- coding: utf-8 -*-

# Resource object code
#
# Created by: The Resource Compiler for PyQt5 (Qt v5.15.2)
#
# WARNING! All changes made in this file will be lost!

from PyQt5 import QtCore

qt_resource_data = b"\
\x00\x00\x2a\xbb\
\x89\
\x50\x4e\x47\x0d\x0a\x1a\x0a\x00\x00\x00\x0d\x49\x48\x44\x52\x00\
\x00\x02\x00\x00\x00\x02\x00\x08\x06\x00\x00\x00\xf4\x78\xd4\xfa\
\x00\x00\x00\x04\x73\x42\x49\x54\x08\x08\x08\x08\x7c\x08\x64\x88\
\x00\x00\x00\x09\x70\x48\x59\x73\x00\x00\x0e\xc4\x00\x00\x0e\xc4\
\x01\x95\x2b\x0e\x1b\x00\x00\x00\x19\x74\x45\x58\x74\x53\x6f\x66\
\x74\x77\x61\x72\x65\x00\x77\x77\x77\x2e\x69\x6e\x6b\x73\x63\x61\
\x70\x65\x2e\x6f\x72\x67\x9b\xee\x3c\x1a\x00\x00\x20\x00\x49\x44\
\x41\x54\x78\x9c\xed\xdd\x79\xb8\x5f\x55\x79\xe8\xf1\xef\xc9\x40\
\x18\x12\x48\x42\xc2\x28\x90\x40\x98\x44\x10\xeb\x58\x41\x26\x11\
\xb5\x8a\x33\x5e\x41\xb4\xb4\xce\xda\x5b\x6c\xad\x76\x7e\x44\xab\
\xb7\xda\x09\xd1\xb6\xd6\xde\x5e\xc7\x0a\x16\xb5\x6a\xa9\x20\x20\
\x4a\x0b\x82\x20\x2a\x10\x66\x24\xcc\x91\x21\x21\x81\x00\x21\xe3\
\xb9\x7f\xac\x13\x4d\x63\x48\x4e\xce\xd9\xef\xbb\xf6\xfe\xed\xef\
\xe7\x79\xd6\x13\x54\x7c\xb3\xdf\xdf\xde\x7b\xad\x77\x4f\x6b\x0d\
\x21\x69\x50\xcd\x03\x9e\x0a\xec\x07\xec\x3f\xf2\xe7\x74\x60\x2a\
\x30\x03\xd8\x6e\xe4\xdf\x7b\x0c\x58\x02\x3c\x0a\x2c\x05\x6e\x06\
\x6e\x19\xf9\xf3\x46\xe0\x67\xa9\x5b\x2d\x29\xc5\x50\xed\x0d\x90\
\xd4\x98\xb9\xc0\x31\x23\xed\x68\x60\xd7\x86\xe2\xfe\x1c\xf8\xde\
\x7a\xed\x8e\x86\xe2\x4a\x92\xa4\x31\x9a\x0e\xbc\x1d\xb8\x14\x58\
\x0b\x0c\x27\xb4\xab\x80\x53\x81\xd9\x09\xf9\x49\x92\xa4\xf5\x3c\
\x07\xf8\x2a\xb0\x82\x9c\x41\x7f\x63\xed\x09\xe0\x6c\xe0\xd9\xc1\
\xb9\x4a\x92\xd4\x7b\x87\x03\xe7\x50\x6f\xd0\x7f\xb2\x76\x29\x70\
\x7c\x60\xde\x92\x24\xf5\xd2\x81\xc0\x45\xd4\x1f\xe8\x37\xd7\x2e\
\xa4\xbc\x70\x28\x49\x92\xc6\x61\x5b\xe0\x34\xca\xed\xf6\xda\x83\
\xfb\x68\xdb\x4a\xe0\x0c\xca\xd7\x06\x92\x24\x69\x0b\xbd\x80\xf2\
\xc6\x7d\xed\x01\x7d\xac\xed\x76\xe0\xb0\xa6\x7f\x14\x49\x92\x06\
\xd5\x10\xe5\x2d\xfb\x95\xd4\x1f\xc4\xc7\xdb\x56\x51\xee\x60\x4c\
\x68\xf2\x07\x92\x24\x69\xd0\xcc\x02\xbe\x43\xfd\x81\xbb\xe9\x76\
\x2e\x30\xb3\xc1\xdf\x49\x92\xa4\x81\xb1\x1b\x70\x2d\xf5\x07\xeb\
\xa8\x76\x03\xb0\x67\x63\xbf\x96\x24\x49\x03\xe0\x40\xe0\x2e\xea\
\x0f\xd2\xd1\xed\x5e\xe0\x90\x86\x7e\x33\x49\x92\x3a\xed\x99\xc0\
\x62\xea\x0f\xce\x59\x6d\x11\xf0\x6b\x8d\xfc\x72\x92\x24\x75\xd4\
\x3c\xe0\x3e\xea\x0f\xca\xd9\xed\x41\x9c\x2f\x40\x92\xd4\x53\xbb\
\x51\x3e\x95\xab\x3d\x18\xd7\x6a\x77\x01\x7b\x8c\xfb\x57\x94\x24\
\xa9\x43\xa6\x01\xf3\xa9\x3f\x08\xd7\x6e\x57\xf3\xcb\x65\x89\x25\
\x49\x1a\x78\x5f\xa4\xfe\xe0\xdb\x96\x76\xe6\x38\x7f\x4b\x49\x92\
\x3a\xe1\x6d\xd4\x1f\x74\xdb\xd6\x4e\x19\xcf\x0f\x2a\x49\x52\xdb\
\x3d\x0d\x78\x9c\xfa\x03\x6e\xdb\xda\x63\xc0\x53\xc7\xf1\xbb\x4a\
\x92\xd4\x5a\x13\x80\xcb\xa9\x3f\xd8\xb6\xb5\x5d\x81\x53\x06\x4b\
\x92\x06\xd0\x3b\xa8\x3f\xc8\xb6\xbd\xbd\x65\xcc\xbf\xae\xa4\x2d\
\x32\x54\x7b\x03\xa4\x9e\x98\x0d\xdc\x44\xbd\xf9\xf0\xd7\x02\xd7\
\x51\xa6\x1a\xbe\x19\x78\x00\x78\x74\xe4\x7f\x9b\x0a\xec\x4c\xf9\
\x2e\xff\xe0\x91\x56\xab\x6f\x58\x04\x1c\x40\x99\x18\x49\x92\xa4\
\xce\xfb\x34\xf9\x57\xd3\xab\x81\x6f\x03\x27\x02\x3b\x6e\xc1\xb6\
\xce\x02\xde\x08\x9c\x37\x12\x23\x7b\xbb\x3f\xb5\x05\xdb\x2a\x49\
\x52\x6b\xed\x0e\x3c\x41\xde\x00\xba\x1c\xf8\x07\x60\x4e\x03\xdb\
\x3e\x97\x52\xbc\x64\x6f\xff\xae\x0d\x6c\xbb\x24\x49\x55\x9d\x4e\
\xde\xe0\x79\x11\xe5\x16\x7a\xd3\xf6\xa1\xdc\x11\xc8\xca\xe3\xaf\
\x03\x72\x90\x24\x29\xcd\x8e\xc0\x32\xe2\x07\xcc\x27\x80\x53\x13\
\xf2\x79\x33\x39\x9f\x31\x3e\x4a\x79\x6f\x42\x92\xa4\x4e\xfa\x23\
\xe2\x07\xcb\xfb\x81\x67\x67\x25\x04\x3c\x97\xb2\x98\x4f\x74\x5e\
\x1f\xc8\x4a\x48\x92\xa4\xa6\xdd\x40\xec\x20\x79\x37\xb0\x5f\x5a\
\x36\xbf\xb4\x3f\x70\xcf\x18\xb6\x77\x4b\xda\xfc\xb4\x6c\x24\x49\
\x6a\xd0\xb3\x89\x1d\x20\x17\x51\x77\xf6\xbc\xa7\x52\x3e\xd7\x8b\
\xcc\xf1\x19\x69\xd9\x48\x92\xd4\x90\x4f\x12\x37\x30\xae\x06\x8e\
\xce\x4b\xe5\x49\x1d\x0b\xac\x21\x2e\xcf\xd3\xf3\x52\x91\x24\xa9\
\x19\x77\x11\x37\x30\x7e\x30\x31\x8f\xcd\xf9\x30\x71\x79\x2e\x48\
\xcc\x43\x92\xa4\x71\xdb\x97\xb8\x41\xf1\x3a\x60\x72\x5e\x2a\x9b\
\xb5\x15\xb1\xef\x3a\xcc\xcd\x4b\x45\xea\x0f\x17\xde\x90\x62\x44\
\xde\x9e\xff\xdf\xc0\xaa\xc0\xf8\x5b\x6a\x25\xf0\xde\xc0\xf8\xc7\
\x04\xc6\x96\x24\xa9\x51\x5f\x21\xe6\x6a\xf8\xbf\x32\x93\xd8\x42\
\x97\x12\x93\xf3\x97\x33\x93\x90\x24\x69\x3c\x16\x10\x33\x18\x1e\
\x9f\x99\xc4\x16\x7a\x15\x31\x39\xff\x2c\x33\x09\x49\x92\xc6\x6a\
\x6b\x62\x16\xd1\xb9\x9f\x76\x3d\xfb\xdf\xd0\x24\xe0\x3e\x9a\xcf\
\x7b\x35\x30\x25\x31\x0f\xa9\x17\x7c\x07\x40\x6a\xde\x3c\x60\x62\
\x40\xdc\xaf\xd2\xae\x67\xff\x1b\x5a\x0d\x7c\x33\x20\xee\x44\xca\
\x5a\x04\x92\x1a\x64\x01\x20\x35\x2f\x62\x31\x1e\x28\x0b\xfd\xb4\
\x5d\xd4\x36\xee\x1f\x14\x57\xea\x2d\x0b\x00\xa9\x79\x73\x82\xe2\
\xfe\x20\x28\x6e\x93\x2e\x09\x8a\xeb\xa7\x80\x52\xc3\x2c\x00\xa4\
\xe6\x6d\x1f\x10\xf3\x21\xe0\x81\x80\xb8\x4d\xbb\x8f\xb2\xad\x4d\
\x8b\xf8\x4d\xa5\x5e\xb3\x00\x90\x9a\x37\x2d\x20\xe6\xad\x01\x31\
\xa3\xdc\x16\x10\xd3\x02\x40\x6a\x98\x05\x80\xd4\xbc\x88\x02\x60\
\x69\x40\xcc\x28\x11\xdb\x3a\x35\x20\xa6\xd4\x6b\x16\x00\x52\xf3\
\x22\x06\xab\xc7\x02\x62\x46\x59\x16\x10\x33\xa2\xa8\x92\x7a\xcd\
\x02\x40\x6a\x5e\xc4\x79\xb5\x26\x20\x66\x94\x88\x6d\x8d\xf8\xac\
\x52\xea\x35\x0b\x00\x49\x92\x7a\xc8\x02\x40\x92\xa4\x1e\xb2\x00\
\x90\x24\xa9\x87\x2c\x00\x24\x49\xea\x21\x0b\x00\x49\x92\x7a\xc8\
\x02\x40\x92\xa4\x1e\xb2\x00\x90\x24\xa9\x87\x2c\x00\x24\x49\xea\
\x21\x0b\x00\x49\x92\x7a\xc8\x02\x40\x92\xa4\x1e\xb2\x00\x90\x24\
\xa9\x87\x2c\x00\x24\x49\xea\x21\x0b\x00\x49\x92\x7a\xc8\x02\x40\
\x92\xa4\x1e\xb2\x00\x90\x24\xa9\x87\x2c\x00\x24\x49\xea\x21\x0b\
\x00\x49\x92\x7a\xc8\x02\x40\x92\xa4\x1e\xb2\x00\x90\x24\xa9\x87\
\x2c\x00\x24\x49\xea\xa1\x49\xb5\x37\x40\xd2\x98\xcd\x02\xe6\x00\
\x3b\x03\x3b\x6e\xd0\x66\x8f\xfc\x39\x0d\x98\x0a\x4c\x1e\xf9\xff\
\xcc\x18\xf9\x73\x2b\x60\xbb\x91\x7f\x7e\x0c\x58\x39\xf2\xcf\x4b\
\x46\xfe\x5c\x39\xf2\xdf\x2f\x03\x16\x8d\xb4\xc5\xeb\xfd\xb9\x18\
\xb8\x1f\xb8\x63\xe4\x9f\x25\x75\x8c\x05\x80\xd4\x0d\xfb\x02\x67\
\x00\x73\x29\x83\xfe\x1c\xca\xe0\xde\x84\xed\xf8\x65\x31\x30\x63\
\x53\xff\xe2\x93\x58\x06\xdc\x4e\x29\x06\x6e\xa7\x6c\xab\xa4\x96\
\xb3\x00\x90\xba\xe1\xd0\x91\xd6\x46\xd3\x80\x43\x46\x9a\xa4\x8e\
\xf0\x1d\x00\x49\x92\x7a\xc8\x02\x40\x92\xa4\x1e\xb2\x00\x90\x24\
\xa9\x87\x26\xd6\xde\x00\x69\x40\x4c\x00\x9e\x0f\xbc\x1b\xf8\x5f\
\xc0\xd6\x75\x37\x67\xe0\xec\x0e\xec\x00\x2c\x07\xee\xa9\xbc\x2d\
\x92\x24\x71\x10\x70\x1a\x70\x1b\x30\x6c\x4b\x69\x77\x53\xbe\x88\
\x38\x1c\x18\xda\xec\x1e\x92\x24\xa9\x21\xeb\x06\xfd\x5b\xa9\x3f\
\x18\xf6\xbd\xdd\x85\xc5\x80\x24\x29\xd0\x4e\xc0\xfb\x81\x9b\xa9\
\x3f\xe8\xd9\x36\xde\x6e\x02\xde\x47\x99\x04\x49\x92\xa4\x31\x9b\
\x00\x1c\x0b\x7c\x11\x78\x9c\xfa\x03\x9c\x6d\x74\x6d\x05\x70\x36\
\x70\x3c\xbe\xe7\x24\x49\xda\x02\x3b\x03\x7f\x82\xcf\xf5\x07\xa1\
\xdd\x06\xfc\x31\xe5\x0e\x8e\x24\x49\x1b\x35\x8f\xf2\x3c\xd9\xab\
\xfd\xc1\x6b\x2b\x28\x77\x72\x0e\x42\x92\xa4\x11\x87\x53\x6e\x19\
\xaf\xa6\xfe\x40\x65\x8b\x6d\x6b\x81\x0b\x29\x8f\x07\x24\x49\x3d\
\x34\x11\x38\x11\xb8\x8a\xfa\x83\x92\xad\x4e\xfb\x11\x65\xce\x06\
\x27\x44\x93\xa4\x1e\x18\xa2\x5c\xfd\x5d\x4d\xfd\x01\xc8\xd6\x8e\
\x76\x03\xf0\x66\x2c\x04\x24\x69\x60\x1d\x0b\xfc\x98\xfa\x03\x8e\
\xad\x9d\x6d\x3e\x70\x02\xce\x27\x20\x49\x03\xe3\x58\xe0\x4a\xea\
\x0f\x30\xb6\x6e\xb4\x2b\xf0\x1d\x01\x49\xea\xb4\x43\x80\xef\x51\
\x7f\x40\xb1\x75\xb3\x7d\x17\x38\x18\x49\x52\x67\xcc\xa4\x7c\xce\
\xe7\x5b\xfd\xb6\xf1\xb6\x35\x94\xcf\x07\x9d\x47\x40\x92\x5a\x6c\
\x32\x70\x2a\xb0\x84\xfa\x03\x87\x6d\xb0\xda\x12\xe0\x0f\x81\x29\
\x48\x03\xc2\x97\x5d\x34\x28\x5e\x02\x7c\x02\xd8\xbf\xf6\x86\x54\
\xb4\x0c\x58\x04\x3c\x08\x2c\xde\xa0\xad\xa4\x0c\x64\x4b\x47\xfe\
\xdd\x15\x94\x09\x8f\x00\xb6\xe5\x97\x03\xdb\x74\x4a\xbf\xb0\x15\
\xb0\xe3\x7a\x6d\xd6\x7a\x6d\x5a\x70\x1e\x6d\x76\x13\xa5\xc8\xbc\
\xa0\xf6\x86\x48\xe3\x65\x01\xa0\xae\x9b\x0d\x9c\x0e\xbc\xb1\xf6\
\x86\x24\x58\x41\xf9\x64\xed\xf6\x91\x76\xc7\x48\x5b\xf7\x9f\x1f\
\x7f\xb2\xff\x63\xc3\xb6\x03\xe6\x00\x73\x47\xda\x9c\x91\xb6\x37\
\x70\x20\xfd\xb8\x4a\xfe\x12\xf0\xfb\x94\x82\x4b\xea\x24\x0b\x00\
\x75\xd9\xc9\x94\xc1\x7f\x56\xed\x0d\x09\x70\x2f\x65\xae\x82\x6b\
\x81\x6b\x28\x9f\xa8\xdd\x42\x79\xaf\xa1\xcd\x26\x51\xee\xc2\x1c\
\x0c\x3c\x7d\xe4\xcf\x43\x81\xdd\x6b\x6e\x54\x90\x07\x81\xf7\x02\
\x67\xd6\xde\x10\x49\xea\x8b\xdd\x80\x6f\x50\xff\xb9\x70\x93\xed\
\x09\xe0\xa7\xc0\x07\x28\x57\xd3\x83\x66\x17\xe0\x9d\xc0\xe5\xc0\
\x63\xd4\xff\xbd\x9b\x6c\xe7\x02\x7b\x35\xf7\x53\x49\x92\x36\x34\
\x04\xbc\x87\xf2\xac\xbb\x76\xa7\x3f\x9e\xb6\x86\x32\x05\xf1\x27\
\x81\xd7\x53\x9e\xbb\xf7\xcd\x0c\xca\x34\xbc\x9f\xa4\x4c\xce\xb4\
\x96\xfa\xfb\x65\x3c\xed\x11\xe0\xdd\x78\x57\x55\x92\x1a\xb7\x13\
\x70\x0e\xf5\x3b\xfa\xb1\xb6\xc5\x94\x05\x87\xde\xce\x60\xde\x0e\
\x1f\xaf\xd9\x94\x59\xf8\x3e\x03\xfc\x9c\xfa\xfb\x6b\xac\xed\x02\
\x60\xd7\x86\x7f\x1b\x49\xea\xad\x97\x03\xf7\x53\xbf\x73\xdf\xd2\
\x76\x3f\xf0\x8f\xc0\x91\x94\xc5\x87\x34\x3a\x13\x81\xa3\x80\x4f\
\x03\x0f\x50\x7f\x3f\x6e\x69\xbb\x0f\xf8\x8d\xa6\x7f\x14\x49\xea\
\x93\xad\x29\x13\xfa\x74\xe9\xf6\xf0\x43\x94\x89\x63\x8e\xa7\xcc\
\x4b\xa0\xf1\x99\x48\x59\xae\xf9\x0c\xba\x55\x04\xae\xa5\xdc\xcd\
\xd8\xb6\xf9\x9f\x44\x92\x06\xdb\xd3\x29\x9f\xbc\xd5\xee\xc8\x47\
\xd3\x56\x03\xff\x09\xbc\x0a\x07\xfd\x48\x93\x81\x57\x03\xdf\xa6\
\xbc\x47\x51\x7b\xbf\x8f\xa6\x5d\x87\xd3\x09\x4b\xd2\xa8\x9d\x44\
\x37\xde\x14\xbf\x17\xf8\x18\x83\xf9\xd6\x7e\xdb\xed\x46\x99\x99\
\xef\x76\xea\x1f\x07\x9b\x6b\xcb\x81\x53\x42\x7e\x05\x49\x1a\x10\
\x93\x29\x6f\x85\xd7\xee\xb0\x37\xd5\xd6\x02\xe7\x53\x9e\xf1\xfa\
\x5c\xbf\xbe\x89\xc0\xcb\x28\x2f\xdf\xd5\x3e\x36\x36\xd7\x4e\xa7\
\xcc\x93\x20\x49\x5a\xcf\x6c\xda\xbd\x72\xdf\x0a\xca\x5b\xfc\xcf\
\x8e\xfa\x01\x34\x6e\x87\x50\x9e\xbb\x2f\xa7\xfe\xf1\xf2\x64\xed\
\x12\xfc\x4a\x40\x92\x7e\xe1\x30\x60\x21\xf5\x3b\xe7\x8d\xb5\x25\
\x94\xdb\xfc\xbb\x85\x65\xaf\xa6\xed\x0e\x7c\x9c\xb2\xee\x41\xed\
\xe3\x67\x63\xed\x1e\xe0\xd7\xc3\xb2\x97\xa4\x8e\xf8\x2d\x7e\xb9\
\x50\x4d\x9b\xda\x52\xe0\x83\xc0\x0e\x71\xa9\x2b\xd8\x74\xe0\x43\
\xc0\xc3\xd4\x3f\x9e\x36\x6c\x2b\x80\xdf\x8c\x4b\x5d\x92\xda\x6b\
\x08\x38\x8d\xfa\x1d\xf1\x86\xed\x51\xca\x27\x67\xae\xff\x3e\x38\
\x66\x52\x8e\xb5\x36\x16\x02\x67\xe0\xec\x81\x92\x7a\x64\x0a\xf0\
\xaf\xd4\xef\x7c\xd7\x6f\xcb\x81\xbf\xa1\xbc\x8b\xa0\xc1\xb4\x13\
\xf0\x77\xb4\xef\x1d\x81\x2f\x50\x96\x5f\x96\xa4\x81\x36\x03\xf8\
\x3e\xf5\x3b\xdd\xf5\xdb\x39\x94\xa5\x6c\xd5\x0f\x7b\x50\x26\x6b\
\xaa\x7d\xdc\xad\xdf\x2e\x65\x30\x57\xb5\x94\x24\xa0\x0c\xb2\x37\
\x51\xbf\xb3\x5d\xd7\x7e\x02\x1c\x11\x9a\xb1\xda\xec\x68\xca\x52\
\xcb\xb5\x8f\xc3\x75\xed\x06\x9c\x53\x42\xd2\x00\x7a\x2a\x65\xe2\
\x9c\xda\x9d\xec\x30\x65\x4a\xd9\xb7\x02\x13\x42\x33\x56\x17\x4c\
\x04\xde\x01\x3c\x48\xfd\xe3\x72\x98\xf2\x85\xc0\x01\xa1\x19\x4b\
\x52\xa2\x67\xd0\x9e\x45\x5d\xce\xc6\x5b\xad\xfa\x55\x33\x28\x73\
\x08\xb4\x61\xdd\x89\xfb\x81\x43\x63\xd3\x95\xa4\x78\xcf\x02\x16\
\x51\xbf\x53\x5d\x00\x1c\x17\x9c\xab\xba\xef\x48\xe0\x16\xea\x1f\
\xaf\x4b\x70\xae\x00\x49\x1d\x76\x04\xf0\x08\x75\x3b\xd2\x35\x94\
\x2b\xbb\xa9\xc1\xb9\x6a\x70\x6c\x4b\x99\xfc\x69\x35\x75\x8f\xdd\
\x47\x81\x17\x06\xe7\x2a\x49\x8d\x7b\x09\xf0\x38\x75\x3b\xd0\x5b\
\x81\xe7\x46\x27\xaa\x81\xf5\xeb\xc0\xcf\xa8\x7b\x0c\x3f\x06\xbc\
\x38\x3a\x51\x49\x6a\xca\x31\xd4\xff\xd6\xfa\x8b\x78\xd5\xaf\xf1\
\x9b\x46\xb9\x83\x54\xf3\x58\x5e\x81\x45\x80\xa4\x0e\x78\x1e\xb0\
\x8c\x7a\x9d\xe5\x52\xe0\xc4\xf0\x2c\xd5\x37\xaf\x05\x16\x53\xf7\
\x4e\xc0\x0b\xc2\xb3\x94\xa4\x31\x7a\x26\x75\x17\x60\xb9\x88\xb2\
\x10\x8c\x14\x61\x0f\xe0\x62\xea\x1d\xdf\x4b\x28\x5f\xd4\x48\x52\
\xab\x3c\x8d\x7a\x6f\xfb\xaf\xa5\xcc\xa9\xee\x5a\xeb\x8a\x36\x91\
\xf2\x82\x60\xad\xcf\x05\x1f\x04\x0e\x0a\xcf\x52\x92\x46\x69\x1e\
\xf5\x96\xf3\x7d\x04\x78\x5d\x7c\x8a\xd2\xff\xf0\x0a\xea\xdd\xed\
\xba\x0f\xd8\x3f\x3e\x45\x49\xda\xb4\x59\x94\xb7\xed\x6b\x74\x84\
\x37\xe3\xd5\x90\xea\xd9\x0f\xb8\x9e\x3a\xc7\xfe\x02\x5c\xb1\x52\
\x52\x45\xdb\x02\x57\x50\xa7\x03\xfc\x06\xe5\x0d\x6d\xa9\xa6\xed\
\x81\x6f\x51\xe7\x1c\xb8\x0c\xd8\x26\x3e\x45\x49\xfa\x9f\x26\x00\
\x5f\xa7\x4e\xc7\x77\x06\xce\xe3\xaf\xf6\x18\x02\x4e\xa3\xce\xb9\
\xf0\x55\x3c\x17\x24\x25\x3b\x9d\xfc\xce\x6e\x35\xf0\x3b\x19\xc9\
\x49\x63\xf0\x76\x60\x15\xf9\xe7\xc5\x5f\x65\x24\x27\x49\x50\x3a\
\xba\xec\x4e\xee\x51\xe0\xf8\x8c\xe4\xa4\x71\x78\x09\x75\xa6\xbf\
\xb6\x30\x96\x14\xee\xa5\xe4\xcf\x91\x7e\x1f\x65\x8e\x01\xa9\x0b\
\x9e\x45\x59\xd1\x2f\xf3\x1c\x59\x8d\xb3\x05\x4a\x0a\x34\x87\xfc\
\x6f\xfd\x17\xe2\x9b\xfe\xea\x9e\xfd\x81\xbb\xc9\x3d\x57\x1e\x02\
\xf6\xce\x48\x4e\x52\xbf\x6c\x03\xfc\x98\xdc\x0e\xed\x76\x60\x9f\
\x8c\xe4\xa4\x00\x7b\x91\xff\x89\xec\xd5\x94\xaf\x73\x24\xa9\x31\
\x9f\x27\xb7\x23\xbb\x09\x78\x4a\x46\x62\x52\xa0\x5d\x80\xf9\xe4\
\x9e\x3b\xff\x9a\x92\x99\xa4\x5e\xf8\x5d\xf2\xaf\x62\x9c\xe4\x44\
\x83\x62\x27\xe0\x1a\x72\xcf\xa1\x77\xa5\x64\x26\x69\xa0\x3d\x9f\
\xb2\x1c\x69\xe6\x95\xff\xce\x29\x99\x49\x79\x66\x01\xd7\x91\x77\
\x1e\xad\xc4\xd5\x03\x25\x8d\xc3\x0c\xe0\x2e\xf2\x3a\xad\x9f\x01\
\xbb\xa5\x64\x26\xe5\xdb\x99\x52\xe0\x66\x9d\x4f\x77\x03\x33\x53\
\x32\x93\x34\x70\xfe\x8d\xdc\xce\x6a\x6e\x4e\x5a\x52\x35\x7b\x50\
\x5e\x6e\xcd\x3a\xaf\xbe\x96\x93\x96\xa4\x41\xf2\x36\xf2\x3a\xa9\
\xfb\x81\x03\x72\xd2\x92\xaa\xcb\x5e\x3d\xf3\x37\x73\xd2\x92\x34\
\x08\xf6\xa5\xcc\xbc\x97\xd1\x39\x2d\x05\x9e\x96\x93\x96\xd4\x1a\
\x87\x00\x0f\x93\x73\x8e\x3d\x82\x9f\xd3\x4a\x1a\x85\x49\xc0\x0f\
\xc9\xe9\x98\x56\x02\x2f\xca\x49\x4b\x6a\x9d\xa3\xc8\x7b\xc1\xf6\
\x47\xc0\xe4\x94\xac\x24\x75\xd6\x47\xc9\xbb\x35\x79\x4a\x4e\x4a\
\x52\x6b\xbd\x85\xbc\xf3\xed\xc3\x49\x39\x49\xea\xa0\x43\xc9\x5b\
\xcd\xec\x43\x49\x39\x49\x6d\x97\x55\x74\xaf\xc2\x35\x35\x24\x6d\
\xc4\x64\xca\x04\x3c\x19\x1d\xd1\x97\x28\x6b\xa8\x4b\x2a\xe7\xc2\
\x99\xe4\x9c\x7b\x3f\xa6\x3c\xe6\x93\xa4\x5f\xf8\x13\x72\x3a\xa0\
\x9f\x50\xd6\x15\x90\xf4\x4b\x5b\x03\x57\x92\x73\x0e\x7e\x20\x29\
\x27\x49\x1d\xb0\x1f\xb0\x9c\xf8\x8e\x67\x11\x65\x45\x41\x49\xbf\
\x6a\x4f\xe0\x01\xe2\xcf\xc3\xc7\x29\x9f\x22\x4a\xea\xb9\x21\xe0\
\x22\xe2\x3b\x9d\xd5\xc0\x71\x49\x39\x49\x5d\xf5\x42\xca\xb9\x12\
\x7d\x3e\x7e\x1f\x1f\xc3\x49\xbd\xf7\x4e\x72\x6e\x3b\xbe\x3f\x2b\
\x21\xa9\xe3\xfe\x98\x9c\x73\xf2\x2d\x59\x09\x49\x6a\x9f\x59\xc0\
\x43\xc4\x77\x34\x5f\xc5\xab\x0d\x69\xb4\x86\x80\x7f\x27\xfe\xbc\
\x5c\x44\x59\xef\x43\x52\x0f\xfd\x23\xf1\x9d\xcc\xdd\xd8\xc9\x48\
\x5b\x6a\x3a\x70\x27\xf1\xe7\xe7\x27\xb2\x12\x92\xd4\x1e\x4f\x25\
\xfe\x9b\xff\x35\x94\xd9\xce\x24\x6d\xb9\x17\x10\xff\x3e\xc0\x2a\
\x9c\x8a\x5b\xea\x9d\xf3\x89\xbf\xba\xf8\x8b\xb4\x6c\xa4\xc1\xf4\
\x97\xc4\x9f\xa7\x17\xa6\x65\x23\xa9\xba\x57\x11\xdf\xa9\x5c\x85\
\x73\x8f\x4b\xe3\x95\xb5\x36\xc7\xcb\xb2\x12\x92\x54\xcf\x14\xe0\
\x56\x62\x3b\x93\x47\x29\x2b\x0a\x4a\x1a\xbf\xfd\x88\x5f\x9d\xf3\
\x26\x2c\xd8\xa5\x81\xf7\x5e\xe2\xaf\x26\x4e\x4d\xcb\x46\xea\x87\
\xdf\x23\xfe\xbc\xfd\x9d\xb4\x6c\x24\xa5\xdb\x0e\xb8\x8f\xd8\x4e\
\xe4\x0a\x60\x62\x56\x42\x52\x4f\x4c\x00\x2e\x23\xf6\xdc\x5d\x08\
\x6c\x9b\x95\x90\xa4\x5c\x7f\x44\x6c\x07\xb2\x02\xdf\x28\x96\xa2\
\x1c\x0c\xac\x24\xf6\x1c\x7e\x5f\x5a\x36\x92\xd2\x4c\x25\x7e\x9e\
\xf1\xd3\xb2\x92\x91\x7a\x2a\x7a\xe9\xe0\x07\x81\x69\x69\xd9\x48\
\x4a\xf1\x41\x62\x3b\x8e\x1b\x29\x2b\x9a\x49\x8a\x33\x05\xb8\x81\
\xd8\x73\xf9\x8f\xd3\xb2\x91\x14\x6e\x3a\xf1\x53\xfe\x1e\x9b\x96\
\x8d\xd4\x6f\xc7\x10\x7b\x2e\x2f\xa1\xf4\x19\x92\x06\xc0\x47\x88\
\xed\x30\xbe\x9e\x97\x8a\x24\xe0\x5b\xc4\x9e\xd3\x1f\xcc\x4b\x45\
\x52\x94\xed\x80\xc5\xc4\x75\x14\x2b\x70\x6d\x71\x29\xdb\x3e\xc0\
\x13\xc4\x9d\xd7\x8b\x29\x7d\x87\xa4\x0e\x8b\xfe\xee\xff\xa3\x79\
\xa9\x48\x5a\xcf\x5f\x11\x7b\x6e\xbf\x27\x2f\x15\x49\x4d\x9b\x08\
\xdc\x46\x5c\x07\x71\x1f\xb0\x7d\x5a\x36\x92\xd6\x37\x8d\xf2\xed\
\x7e\xd4\xf9\xbd\x00\xe7\xf4\x90\x3a\xeb\xf5\xc4\x5e\x21\xbc\x35\
\x2f\x15\x49\x1b\xf1\x0e\x62\xcf\xf1\xd7\xe6\xa5\x22\xa9\x49\x91\
\x8b\x88\xdc\x4a\x59\xa8\x44\x52\x3d\x93\x89\xbd\xcb\x77\x65\x5e\
\x2a\x92\x9a\x72\x04\xb1\x57\x06\x27\xe7\xa5\x22\x69\x13\x4e\x21\
\xf6\x5c\x3f\x2c\x2d\x13\x49\x8d\xf8\x1a\x71\x1d\xc2\x0d\xf8\x6c\
\x50\x6a\x8b\x89\x94\xd5\xfc\xa2\xce\xf7\xb3\xf3\x52\x91\x34\x5e\
\x3b\x13\x3b\x67\xf8\x09\x79\xa9\x48\x1a\x85\x13\x89\x3b\xdf\x57\
\x00\x3b\xe5\xa5\x22\x69\x3c\x22\x17\xfd\xb9\x86\xb2\x32\x99\xa4\
\xf6\x98\x00\xcc\x27\xee\xbc\x7f\x7f\x5e\x2a\x92\xc6\x6a\x88\xf2\
\x82\x5e\x54\x47\x70\x62\x5e\x2a\x92\xb6\xc0\xc9\xc4\x9d\xf7\x37\
\x53\xfa\x16\x49\x2d\xf6\x42\xe2\x3a\x81\xbb\x29\x6f\x1d\x4b\x6a\
\x9f\xc9\xc0\x9d\xc4\x9d\xff\x47\xe4\xa5\xa2\x0c\xde\xca\x1d\x3c\
\x6f\x0b\x8c\xfd\x77\xc0\xaa\xc0\xf8\x92\xc6\x6e\x15\xf0\xa9\xc0\
\xf8\x91\x7d\x8b\xa4\x71\xda\x91\xb8\xf9\xc1\x1f\x06\x76\xc8\x4b\
\x45\xd2\x18\x4c\x03\x96\x12\xd3\x07\x2c\x07\x66\xe6\xa5\xa2\x68\
\xde\x01\x18\x2c\x27\x51\xd6\x0b\x8f\xf0\x4f\x94\x22\x40\x52\x7b\
\x2d\x03\xfe\x6f\x50\xec\xad\xf1\x0b\x20\xa9\xb5\x2e\x21\xa6\xf2\
\x5f\x05\xec\x91\x98\x87\xa4\xb1\xdb\x83\x72\xce\x46\xf4\x05\xdf\
\x4b\xcc\x43\xd2\x28\x3d\x05\x58\x43\xcc\x49\xff\xcd\xc4\x3c\x24\
\x8d\xdf\x39\xc4\xf4\x05\x6b\x80\xdd\x12\xf3\x50\x20\x1f\x01\x0c\
\x8e\x13\x88\xdb\x9f\x51\xb7\x14\x25\xc5\x88\x3a\x67\x27\x00\xaf\
\x09\x8a\x2d\x69\x8c\x2e\x27\xa6\xe2\xbf\x1b\xa7\xfd\x95\xba\x66\
\x12\x70\x0f\x31\x7d\xc2\x25\x89\x79\x48\xda\x8c\x3d\x80\xb5\xc4\
\x9c\xec\x1f\x4a\xcc\x43\x52\x73\x3e\x42\x4c\x9f\xb0\x16\xd8\x33\
\x31\x0f\x49\x9b\xf0\x7e\xe2\x9e\xf7\xed\x95\x98\x87\xa4\xe6\xcc\
\x25\xee\xbd\xa0\xdf\x4b\xcc\x43\xd2\x26\x44\xbd\xfd\x7f\x41\x66\
\x12\x92\x1a\x77\x11\x31\x7d\xc3\xc5\x89\x39\x48\x7a\x12\x33\x88\
\xfb\xe4\xe7\xb7\x12\xf3\x90\xd4\xbc\xb7\x11\xd3\x37\xac\xc2\x89\
\xc1\xa4\xea\x5e\x4f\xcc\x09\xbe\x12\x67\xfd\x92\xba\x6e\x06\x65\
\x39\xdf\x88\x3e\xe2\xd5\x89\x79\x28\x80\x9f\x01\x76\xdf\x4b\x83\
\xe2\x9e\x0f\x3c\x14\x14\x5b\x52\x8e\x25\xc4\x4d\xde\x13\xd5\xf7\
\x48\x1a\x85\x21\xe0\x5e\x62\xaa\xfb\x37\x25\xe6\x21\x29\xce\x6f\
\x11\xd3\x47\xdc\x8d\x4b\x04\x4b\xd5\x3c\x83\x98\x13\xfb\x09\x7c\
\xbe\x27\x0d\x8a\xe9\xc4\x2d\x12\xf6\xb4\xc4\x3c\xd4\x30\x1f\x01\
\x74\x5b\xd4\x2d\xb8\x0b\x71\xe1\x1f\x69\x50\x2c\xc5\xc7\x00\xda\
\x08\x0b\x80\x6e\x3b\x26\x28\xee\x79\x41\x71\x25\xd5\x11\x75\x4e\
\x47\xf5\x41\x92\x36\x61\x12\x65\xe9\xcf\x88\xdb\x7a\x7b\x27\xe6\
\x21\x29\xde\xbe\xc4\xf4\x15\x0f\xe3\x54\xe1\x52\xba\x67\x12\x73\
\x42\xdf\x98\x99\x84\xa4\x34\xb7\x12\xd3\x67\x1c\x92\x99\x84\x9a\
\xe3\x23\x80\xee\x3a\x2c\x28\xae\xb7\xff\xa5\xc1\xf4\x9d\xa0\xb8\
\x87\x07\xc5\x55\x30\x0b\x80\xee\xb2\x00\x90\xb4\x25\xa2\xce\xed\
\xa8\xbe\x48\xd2\x93\xb8\x9b\xe6\x6f\xe5\x2d\x07\xb6\xce\x4c\x42\
\x52\x9a\x6d\x89\x99\x15\xf0\x8e\xc4\x1c\xa4\xde\xdb\x8b\x98\x67\
\x79\xae\xf3\x2d\x0d\xb6\xcb\x89\xe9\x3b\xf6\xc8\x4c\x42\xcd\xf0\
\x11\x40\x37\x3d\x37\x28\xee\x65\x41\x71\x25\xb5\xc3\x0f\x82\xe2\
\x46\xf5\x49\x0a\x64\x01\xd0\x4d\x4f\x0f\x8a\x7b\x69\x50\x5c\x49\
\xed\x10\x55\x00\x1c\x1c\x14\x57\x81\x2c\x00\xba\x29\xe2\xb3\x9b\
\x61\xe0\x87\x01\x71\x25\xb5\xc7\xa5\x94\x73\xbd\x69\x7e\x0a\x28\
\x25\xb9\x13\xbf\xff\x97\x34\x36\xb7\xd0\x7c\xff\x71\x5b\x6a\x06\
\x6a\x84\x77\x00\xba\x67\x07\x62\x5e\xb8\xb9\x3c\x20\xa6\xa4\xf6\
\x89\x78\xd7\x67\x2e\x30\x2d\x20\xae\x02\x59\x00\x74\xcf\xd3\x89\
\x59\x82\xf3\xea\x80\x98\x92\xda\xe7\x9a\x80\x98\x43\xb8\x32\x60\
\xe7\x58\x00\x74\x4f\xd4\xb3\xb6\x6b\x83\xe2\x4a\x6a\x97\xa8\x73\
\xdd\xf7\x00\x3a\xc6\x02\xa0\x7b\x0e\x0a\x8a\x3b\x3f\x28\xae\xa4\
\x76\x89\x2a\x00\xbc\x03\xd0\x31\x16\x00\xdd\x33\x2f\x20\xe6\x3d\
\xc0\xe2\x80\xb8\x92\xda\xe7\x41\xe0\xbe\x80\xb8\xfb\x04\xc4\x54\
\x20\x0b\x80\xee\x99\x13\x10\x33\xe2\x99\xa0\xa4\xf6\x8a\xb8\x0b\
\x30\x37\x20\xa6\x02\x59\x00\x74\xcb\x04\x60\xcf\x80\xb8\xd7\x05\
\xc4\x94\xd4\x5e\x11\x8f\xfc\xe6\x10\xf3\x82\xb2\x82\x58\x00\x74\
\xcb\xee\xc0\x56\x01\x71\x6f\x09\x88\x29\xa9\xbd\x6e\x0d\x88\xb9\
\x35\xb0\x4b\x40\x5c\x05\xb1\x00\xe8\x96\x39\x41\x71\xef\x08\x8a\
\x2b\xa9\x9d\x6e\x0f\x8a\x3b\x27\x28\xae\x02\x58\x00\x74\x4b\xd4\
\x33\xb6\xa8\xce\x40\x52\x3b\x45\x9d\xf3\xbe\x07\xd0\x21\x16\x00\
\xdd\x32\x27\x20\xe6\x1a\xca\x57\x00\x92\xfa\xe3\x4e\x60\x6d\x40\
\x5c\x0b\x80\x0e\xb1\x00\xe8\x96\xdd\x02\x62\xde\x03\xac\x0a\x88\
\x2b\xa9\xbd\x56\x02\x0b\x03\xe2\xee\x1e\x10\x53\x41\x2c\x00\xba\
\x65\x76\x40\x4c\x6f\xff\x4b\xfd\x74\x47\x40\xcc\x59\x01\x31\x15\
\xc4\x02\xa0\x5b\x66\x06\xc4\xf4\xf6\xbf\xd4\x4f\x77\x05\xc4\xdc\
\x31\x20\xa6\x82\x58\x00\x74\x4b\xc4\x1d\x80\x07\x03\x62\x4a\x6a\
\xbf\x45\x01\x31\xbd\x03\xd0\x21\x16\x00\xdd\x12\x51\x5d\x3b\x05\
\xb0\xd4\x4f\x11\xe7\xbe\x77\x00\x3a\xc4\x02\xa0\x5b\x22\x1e\x01\
\x58\x00\x48\xfd\x64\x01\xd0\x73\x16\x00\xdd\xb1\x3d\x31\xb3\x00\
\x46\xdc\x06\x94\xd4\x7e\x11\xe7\xfe\xd6\xc0\x76\x01\x71\x15\xc0\
\x02\xa0\x3b\x22\xae\xfe\x01\x1e\x0a\x8a\x2b\xa9\xdd\xa2\xee\xfe\
\x79\x17\xa0\x23\x2c\x00\xba\x63\x9b\xa0\xb8\x3e\x02\x90\xfa\x29\
\xea\xdc\x8f\xea\xab\xd4\x30\x0b\x80\xee\x98\x12\x14\xf7\xf1\xa0\
\xb8\x92\xda\x2d\xea\xdc\x8f\x78\x54\xa9\x00\x16\x00\xdd\x11\x75\
\x52\xad\x08\x8a\x2b\xa9\xdd\xa2\xce\xfd\xa8\x8b\x15\x35\xcc\x02\
\xa0\x3b\xa2\x4e\xaa\x95\x41\x71\x25\xb5\x5b\xd4\xb9\x6f\x01\xd0\
\x11\x16\x00\xdd\xe1\x1d\x00\x49\x4d\x8a\x3a\xf7\x7d\x04\xd0\x11\
\x16\x00\xdd\xe1\x1d\x00\x49\x4d\xf2\x11\x40\xcf\x59\x00\x74\x47\
\x54\x55\x6d\x01\x20\xf5\x93\x8f\x00\x7a\xce\x02\xa0\x3b\x26\x05\
\xc5\x75\x29\x60\xa9\x9f\xa2\x0a\x80\xc9\x41\x71\xd5\x30\x0b\x80\
\xee\x18\xaa\xbd\x01\x92\x34\x0a\xf6\x55\x1d\x61\x01\x20\x49\x52\
\x0f\x59\x00\x48\x92\xd4\x43\x16\x00\x92\x24\xf5\x90\x05\x80\x24\
\x49\x3d\x64\x01\x20\x49\x52\x0f\x59\x00\x48\x92\xd4\x43\x16\x00\
\x92\x24\xf5\x90\x05\x80\x24\x49\x3d\x64\x01\x20\x49\x52\x0f\x59\
\x00\x48\x92\xd4\x43\x16\x00\x92\x24\xf5\x90\x05\x80\x24\x49\x3d\
\x64\x01\x20\x49\x52\x0f\x59\x00\x48\x92\xd4\x43\x16\x00\x92\x24\
\xf5\x90\x05\x80\x24\x49\x3d\x64\x01\x20\x49\x52\x0f\x59\x00\x48\
\x92\xd4\x43\x16\x00\x92\x24\xf5\x90\x05\x80\x24\x49\x3d\x64\x01\
\x20\x49\x52\x0f\x59\x00\x48\x92\xd4\x43\x16\x00\x92\x24\xf5\x90\
\x05\x80\x24\x49\x3d\x64\x01\x20\x49\x52\x0f\x59\x00\x48\x92\xd4\
\x43\x16\x00\x92\x24\xf5\x90\x05\x80\x24\x49\x3d\x64\x01\x20\x49\
\x52\x0f\x59\x00\x48\x92\xd4\x43\x16\x00\x92\x24\xf5\x90\x05\x80\
\x24\x49\x3d\x64\x01\x20\x49\x52\x0f\x59\x00\x48\x92\xd4\x43\x16\
\x00\x92\x24\xf5\x90\x05\x80\x24\x49\x3d\x64\x01\x20\x49\x52\x0f\
\x59\x00\x48\x92\xd4\x43\x16\x00\x92\x24\xf5\x90\x05\x80\x24\x49\
\x3d\x64\x01\x20\x49\x52\x0f\x59\x00\x48\x92\xd4\x43\x16\x00\x92\
\x24\xf5\x90\x05\x80\x24\x49\x3d\x64\x01\x20\x49\x52\x0f\x59\x00\
\x48\x92\xd4\x43\x16\x00\x92\x24\xf5\x90\x05\x80\x24\x49\x3d\x64\
\x01\x20\x49\x52\x0f\x59\x00\x48\x92\xd4\x43\x16\x00\x92\x24\xf5\
\x90\x05\x80\x24\x49\x3d\x64\x01\x20\x49\x52\x0f\x59\x00\x48\x92\
\xd4\x43\x16\x00\x92\x24\xf5\x90\x05\x80\x24\x49\x3d\x64\x01\x20\
\x49\x52\x0f\x59\x00\x48\x92\xd4\x43\x16\x00\x92\x24\xf5\x90\x05\
\x80\x24\x49\x3d\x64\x01\x20\x49\x52\x0f\x59\x00\x48\x92\xd4\x43\
\x16\x00\x92\x24\xf5\x90\x05\x40\x77\x44\xec\xab\x35\x01\x31\x25\
\x75\x47\x44\x1f\xe0\xb8\xd2\x11\xee\xa8\xee\xd8\x3a\x20\xe6\x8a\
\x80\x98\x92\xba\x63\x55\x40\xcc\xad\x02\x62\x2a\x80\x05\x40\x77\
\x4c\x09\x88\x69\x01\x20\xf5\x5b\x44\x1f\x10\xd1\x57\x29\x80\x05\
\x40\x77\x58\x00\x48\x6a\x9a\x05\x40\x8f\x59\x00\x74\x87\x05\x80\
\xa4\xa6\x59\x00\xf4\x98\x05\x40\x77\x58\x00\x48\x6a\x9a\x05\x40\
\x8f\x59\x00\x74\x87\x05\x80\xa4\xa6\x59\x00\xf4\x98\x05\x40\x77\
\x58\x00\x48\x6a\xda\xca\x80\x98\x7e\x05\xd0\x11\x16\x00\xdd\xb1\
\x6d\x40\x4c\x0b\x00\xa9\xdf\x9e\x08\x88\xb9\x5d\x40\x4c\x05\xb0\
\x00\xe8\x8e\x59\x01\x31\x97\x07\xc4\x94\xd4\x1d\x11\x7d\x40\x44\
\x5f\xa5\x00\x16\x00\xdd\xb1\x73\x40\xcc\x45\x01\x31\x25\x75\xc7\
\xe2\x80\x98\xb3\x03\x62\x2a\x80\x05\x40\x77\x44\x9c\x54\x0f\x06\
\xc4\x94\xd4\x1d\x11\x7d\xc0\x4e\x01\x31\x15\xc0\x02\xa0\x3b\x2c\
\x00\x24\x35\x2d\xa2\x0f\xf0\x0e\x40\x47\x58\x00\x74\xc3\x10\xb0\
\x63\x40\x5c\x0b\x00\xa9\xdf\x22\xfa\x80\x59\x94\x3e\x4b\x2d\x67\
\x01\xd0\x0d\x33\x80\x49\x01\x71\x2d\x00\xa4\x7e\x8b\xe8\x03\xb6\
\x02\xb6\x0f\x88\xab\x86\x59\x00\x74\x43\xd4\x2d\x35\x0b\x00\xa9\
\xdf\xa2\xfa\x00\x1f\x03\x74\x80\x05\x40\x37\x44\x7c\x01\x00\x7e\
\x05\x20\xf5\x5d\x54\x01\xb0\x4b\x50\x5c\x35\xc8\x02\xa0\x1b\xf6\
\x0e\x8a\xfb\x40\x50\x5c\x49\xdd\x10\xd5\x07\xcc\x0d\x8a\xab\x06\
\x59\x00\x74\xc3\x3e\x01\x31\xd7\x00\x4b\x02\xe2\x4a\xea\x8e\xc5\
\xc0\xda\x80\xb8\x11\x7d\x96\x1a\x66\x01\xd0\x0d\xf3\x02\x62\xde\
\x43\x29\x02\x24\xf5\xd7\x1a\xe0\xde\x80\xb8\x16\x00\x1d\x60\x01\
\xd0\x0d\x11\x27\xd3\x6d\x01\x31\x25\x75\x4f\x44\x5f\x60\x01\xd0\
\x01\x16\x00\xdd\x60\x01\x20\x29\x8a\x05\x40\x4f\x59\x00\xb4\xdf\
\x74\x60\x66\x40\x5c\x0b\x00\x49\x10\xd3\x17\xec\x84\x73\x01\xb4\
\x9e\x05\x40\xfb\x45\x3c\xff\x07\xf8\x59\x50\x5c\x49\xdd\x12\x75\
\x31\xe0\x97\x00\x2d\x67\x01\xd0\x7e\xfb\x06\xc5\x5d\x10\x14\x57\
\x52\xb7\x44\x5d\x0c\xec\x17\x14\x57\x0d\xb1\x00\x68\xbf\x67\x04\
\xc5\xf5\x11\x80\x24\x88\xeb\x0b\x0e\x0d\x8a\xab\x86\x58\x00\xb4\
\x5f\x44\x01\xf0\x00\xf0\x48\x40\x5c\x49\xdd\xf3\x30\x65\x3e\x80\
\xa6\x45\x5d\xbc\xa8\x21\x16\x00\xed\x17\x51\x45\x7b\xf5\x2f\x69\
\x7d\x11\x8f\x01\x7e\x2d\x20\xa6\x1a\x64\x01\xd0\x6e\x7b\x52\x96\
\xd6\x6c\xda\x75\x01\x31\x25\x75\xd7\xf5\x01\x31\x77\x06\x76\x0b\
\x88\xab\x86\x58\x00\xb4\x5b\xd4\x2d\xb4\x9f\x06\xc5\x95\xd4\x4d\
\x51\x7d\x82\x8f\x01\x5a\xcc\x02\xa0\xdd\x2c\x00\x24\x65\xf8\x49\
\x50\x5c\x1f\x03\xb4\x98\x05\x40\xbb\x45\x14\x00\x6b\x80\xf9\x01\
\x71\x25\x75\xd7\xd5\xc4\xac\x0d\xe2\x1d\x00\x69\x8c\xee\x01\x86\
\x1b\x6e\x37\xa4\x66\x20\xa9\x2b\x6e\xa0\xf9\xfe\xe6\xae\xd4\x0c\
\xb4\x45\xbc\x03\xd0\x5e\xfb\x02\xbb\x07\xc4\x8d\xba\xd5\x27\xa9\
\xdb\x22\x1e\x0d\xee\x81\x33\x02\xb6\x96\x05\x40\x7b\x1d\x15\x14\
\xd7\xe7\xff\x92\x36\x26\xaa\x6f\x38\x2a\x28\xae\xc6\xc9\x02\xa0\
\xbd\x8e\x0a\x8a\xeb\x1d\x00\x49\x1b\x13\xd5\x37\x1c\x19\x14\x57\
\x1a\x58\x11\xcf\xff\xd7\x12\xb3\xb2\xa0\xa4\xee\x9b\x41\xe9\x23\
\x7c\x0f\x40\xaa\x68\x3f\x9a\x3f\x09\x87\x81\x1b\x33\x93\x90\xd4\
\x39\x37\x12\xd3\xf7\xf8\x1e\x40\x0b\xf9\x08\xa0\x9d\x8e\x0e\x8a\
\x7b\x71\x50\x5c\x49\x83\xe1\xe2\xa0\xb8\x47\x05\xc5\xd5\x38\x58\
\x00\xb4\x53\xd4\x33\xb3\x8b\x83\xe2\x4a\x1a\x0c\xff\x15\x14\xd7\
\xf7\x00\xa4\x51\x98\x00\xdc\x4f\xcc\xf3\xff\x5d\x12\xf3\x90\xd4\
\x3d\xbb\x10\xf3\x1e\xc0\xbd\xc0\x50\x62\x1e\x52\x27\x1d\x4e\xcc\
\x33\x38\x27\x00\x92\x34\x1a\x51\xef\x01\x3c\x3b\x33\x09\x6d\x9e\
\x8f\x00\xda\xe7\x95\x41\x71\x2f\x0e\x8a\x2b\x69\xb0\x5c\x1c\x14\
\x37\xaa\x6f\xd3\x18\x59\x00\xb4\xcf\x2b\x82\xe2\x5e\x1c\x14\x57\
\xd2\x60\x89\x7a\x0f\xe0\x55\x41\x71\xa5\x81\x70\x20\x31\xb7\xde\
\xd6\x52\xd6\xe6\x96\xa4\xcd\x89\x7a\x0f\x60\x98\x32\xc5\xb9\x5a\
\xc2\x3b\x00\xed\x12\x75\xf5\x7f\x13\xe5\xc5\x42\x49\xda\x9c\xfb\
\x80\x9b\x83\x62\x1f\x1f\x14\x57\x63\x60\x01\xd0\x2e\x51\xb7\xc8\
\xce\x0d\x8a\x2b\x69\x30\x9d\x17\x14\xd7\xf7\x00\xa4\x8d\xd8\x85\
\xb2\x1e\x77\xc4\x6d\xb7\x23\x12\xf3\x90\xd4\x7d\x47\x12\xd3\x17\
\xad\x06\x66\x25\xe6\x21\x75\xc2\x7b\x89\x39\xe1\x16\x01\x93\x12\
\xf3\x90\xd4\x7d\x13\x81\x07\x89\xe9\x93\xde\x9d\x98\x87\xd4\x09\
\x3f\x21\xe6\x64\xfb\x5c\x66\x12\x92\x06\xc6\x17\x88\xe9\x93\x2e\
\xcf\x4c\x42\x6a\xbb\x83\x88\x39\xd1\x86\xf1\xd3\x1b\x49\x63\xf3\
\x1a\xe2\xfa\xa5\x03\x12\xf3\x90\x5a\xed\xaf\x89\x39\xc9\x1e\x07\
\xb6\x4b\xcc\x43\xd2\xe0\xd8\x0e\x58\x4e\x4c\xdf\xf4\x91\xc4\x3c\
\xa4\xd6\x9a\x08\x2c\x24\xe6\x24\x3b\x27\x31\x0f\x49\x83\xe7\x3f\
\x89\xe9\x9b\xee\xc4\xaf\xd0\xaa\x73\x07\xd4\x77\x1c\xb0\x6b\x50\
\xec\x6f\x05\xc5\x95\xd4\x0f\x51\x7d\xc8\x9e\xb8\x42\xa0\xc4\x59\
\xc4\x54\xd8\xab\x71\xf5\x3f\x49\xe3\xb3\x0b\xa5\x2f\x89\xe8\xa3\
\x3e\x97\x98\x87\xd4\x3a\x33\x29\xcf\xe9\x23\x4e\xae\x0b\x12\xf3\
\x90\x34\xb8\xce\x27\xa6\x8f\x5a\x06\x6c\x9f\x98\x87\x36\xe0\x23\
\x80\xba\xde\x0e\x6c\x13\x14\xfb\x0b\x41\x71\x25\xf5\xcb\x17\x83\
\xe2\x4e\x05\x7e\x3b\x28\xb6\xd4\x6a\x93\x80\xbb\x88\xab\xac\xa7\
\xe6\xa5\x22\x69\x80\x6d\x03\x2c\x25\xa6\xaf\x5a\x40\x79\x11\x5a\
\xea\x95\x13\x88\x39\xa1\x86\x81\xcf\x26\xe6\x21\x69\xf0\x7d\x96\
\xb8\xfe\xca\x05\x82\xd4\x3b\x97\x10\x77\x42\x1d\x95\x97\x86\xa4\
\x1e\x38\x8a\xb8\xfe\xea\xbb\x79\x69\x48\xf5\x3d\x83\xb8\x93\xe9\
\x0e\x7c\xb7\x43\x52\xb3\x86\x80\xdb\x88\xeb\xb7\x0e\xc9\x4b\x45\
\xeb\x38\x50\xd4\x71\x6a\x60\xec\x2f\x02\x6b\x03\xe3\x4b\xea\x9f\
\x61\xe0\xcb\x81\xf1\xdf\x13\x18\x5b\x6a\x8d\x9d\x89\x9b\x5e\x73\
\x2d\xb0\x5f\x5e\x2a\x92\x7a\x64\x1e\xa5\x8f\x89\xe8\xbb\x1e\x03\
\x76\xcc\x4b\x45\xaa\xe3\xaf\x88\xbb\x8d\xf6\x5f\x89\x79\x48\xea\
\x9f\x8b\x89\xeb\xbf\x5c\x1f\x40\x03\x6d\x16\xe5\x13\xbd\xa8\x13\
\xe8\xb5\x79\xa9\x48\xea\xa1\xc8\x15\x02\x1f\xa6\x4c\x8e\x26\x0d\
\xa4\xc8\xab\xff\x3b\x29\x73\x0b\x48\x52\x94\x89\x94\x6f\xf7\xa3\
\xfa\xb1\x0f\xe7\xa5\x22\xe5\x89\xbe\xfa\xff\x40\x5e\x2a\x92\x7a\
\xec\xfd\x78\x17\x40\xda\x22\x1f\x27\xee\xa4\x79\x1c\x5f\xa0\x91\
\x94\x63\x3a\xf0\x28\x71\xfd\xd9\x87\xf2\x52\x91\xe2\xcd\x02\x1e\
\x21\xee\x84\xf9\x4c\x5e\x2a\x92\xc4\xa7\x89\xeb\xcf\x96\x02\x33\
\xf2\x52\x91\x62\x45\x5e\xfd\x0f\x03\x07\xe7\xa5\x22\x49\x3c\x95\
\xb8\x4f\x02\x87\x81\xd3\xd2\x32\x91\x02\x3d\x85\xf2\x8d\x6b\xd4\
\x89\xe2\x34\x9a\x92\x6a\xb8\x80\xb8\x7e\x6d\x19\xb0\x6b\x5e\x2a\
\x52\x8c\x2f\x13\x7b\xf5\xff\x8a\xbc\x54\x24\xe9\x17\x7e\x83\xd8\
\xbe\xed\x5f\xf2\x52\x91\x9a\xf7\x3c\x62\x6f\x93\xcd\xc7\xe9\x9c\
\x25\xd5\x73\x25\x71\xfd\xdb\x1a\xe0\x99\x79\xa9\x48\xcd\x19\x02\
\x2e\x25\xb6\x42\x7e\x4d\x5a\x36\x92\xf4\xab\x5e\x49\x6c\x1f\xf7\
\xfd\xbc\x54\xa4\xe6\x9c\x44\xec\x89\x71\x1d\x5e\xfd\x4b\xaa\x6b\
\x08\xf8\x11\xb1\x7d\xdd\xab\xd2\xb2\x91\x1a\xb0\x0d\x65\x59\xde\
\xc8\x93\xc2\x69\x7f\x25\xb5\xc1\xab\x89\xed\xeb\x6e\x03\xa6\xa4\
\x65\x23\x8d\xd3\x9f\x11\x7b\x42\x5c\x8b\x57\xff\x92\xda\x61\x08\
\xb8\x9a\xd8\x3e\xef\x7d\x69\xd9\x48\xe3\x30\x97\xd8\x59\xb2\x86\
\x81\xd7\xa5\x65\x23\x49\x9b\x17\xb9\x48\xd0\x30\xa5\x4f\x9d\x9b\
\x96\x8d\x34\x06\x43\xc0\x85\xc4\x9e\x08\x3e\xfb\x97\xd4\x36\x19\
\x77\x01\xce\x4d\xcb\x46\x1a\x83\xb7\x10\x7b\x02\x0c\x03\x27\xa4\
\x65\x23\x49\xa3\xf7\x5a\xe2\xfb\xbf\x93\xd2\xb2\x91\xb6\xc0\x2e\
\xc0\x43\xc4\x1e\xfc\x3f\xa4\x54\xda\x92\xd4\x36\x19\x9f\x3e\x3f\
\x08\xcc\xce\x4a\x48\x1a\xad\xaf\x11\x7b\xe0\xaf\x05\x0e\x4f\xcb\
\x46\x92\xb6\xdc\x73\x89\x9d\xfc\x6c\x18\xf8\x7c\x56\x32\xd2\x68\
\xbc\x9c\xf8\x5b\x5f\x67\xa5\x65\x23\x49\x63\x17\x3d\xfd\xf9\x30\
\x70\x5c\x5a\x36\xd2\x26\xcc\x00\xee\x25\xf6\x60\x5f\x0e\xec\x95\
\x95\x90\x24\x8d\xc3\x9e\xc0\xe3\xc4\xf6\x89\x0b\x80\x69\x59\x09\
\x49\x4f\xe6\x2c\xe2\xab\xdd\x8f\xa6\x65\x23\x49\xe3\xf7\x17\xc4\
\xf7\x8b\x9f\xcf\x4a\x46\xda\x98\xb7\x11\x7f\x90\xdf\x0f\x6c\x9f\
\x95\x90\x24\x35\x60\x2a\xf1\x77\x46\x87\xf1\xab\x00\x55\x32\x0f\
\x78\x84\xf8\x03\xfc\x2d\x59\x09\x49\x52\x83\x4e\x21\xbe\x7f\x5c\
\x8a\x13\x04\x29\xd9\x14\xe0\x27\xc4\x1f\xdc\x3f\x05\x26\x26\xe5\
\x24\x49\x4d\x9a\x00\x5c\x45\x7c\x3f\xf9\x03\x60\x52\x52\x4e\x12\
\x7f\x4b\xfc\x41\xbd\x06\x78\x7e\x56\x42\x92\x14\xe0\x50\x60\x15\
\xf1\xfd\xe5\x87\xb2\x12\x52\xbf\x1d\x47\xfc\x77\xae\xc3\xc0\xe9\
\x59\x09\x49\x52\xa0\xbf\x21\xe7\x82\xe9\xe8\xac\x84\xd4\x4f\x7b\
\x50\x5e\xca\x8b\x3e\x98\xef\xa0\xbc\x44\x23\x49\x5d\xb7\x1d\x65\
\x49\xdf\xe8\x7e\xf3\x1e\xca\x8c\xac\x52\xe3\xb6\x06\xae\x24\xfe\
\x20\x1e\x06\x8e\x4f\xca\x49\x92\x32\x1c\x4d\xce\x9d\xd3\xcb\x28\
\xef\x68\x49\x8d\xfa\x2c\x39\x83\xff\x97\xb2\x12\x92\xa4\x44\x9f\
\x27\xa7\x0f\xfd\x5c\x52\x3e\xea\x89\xf7\x91\x73\xe0\x2e\x02\x76\
\x4a\xca\x49\x92\x32\xcd\x04\xee\x23\xa7\x2f\x7d\x67\x52\x4e\x1a\
\x70\xc7\x92\xf3\x16\xeb\x30\x70\x72\x52\x4e\x92\x54\xc3\x89\xe4\
\xf4\xa5\x2b\x81\x23\x93\x72\xd2\x80\xda\x1b\x58\x4c\xce\x01\xfb\
\xed\xa4\x9c\x24\xa9\xa6\x6f\x91\xd3\xa7\xfe\x1c\x78\x4a\x52\x4e\
\x1a\x30\x3b\x00\xf3\xc9\x39\x50\xef\x03\x76\xce\x49\x4b\x92\xaa\
\x9a\x0d\x2c\x24\xa7\x6f\xbd\x0a\xbf\xa8\xd2\x16\xda\x0a\xb8\x90\
\x9c\x03\x74\x2d\x65\x39\x61\x49\xea\x8b\x17\x51\xbe\xdd\xcf\xe8\
\x63\x2f\xc2\x2f\x03\x34\x4a\x13\x80\xb3\xc9\x39\x30\x87\x81\xbf\
\xcb\x49\x4b\x92\x5a\x25\x63\x82\xa0\x75\xed\x4c\x4a\xdf\x2e\x6d\
\xd2\x27\xc8\x3b\x28\xe7\x53\xe6\x17\x90\xa4\xbe\x99\x0c\x5c\x41\
\x5e\x7f\xfb\xf1\x9c\xb4\xd4\x55\x7f\x4a\xde\xc1\xb8\x1c\x38\x38\
\x27\x2d\x49\x6a\xa5\xac\x55\x55\xd7\xb5\xdf\xcb\x49\x4b\x5d\x73\
\x32\x39\x33\x55\xad\x6b\xef\xc8\x49\x4b\x92\x5a\xed\xad\xe4\xf5\
\xbb\x6b\x81\x37\xe7\xa4\xa5\xae\x78\x25\x79\xdf\xfa\x0f\x03\xdf\
\xc8\x49\x4b\x92\x3a\x21\xf3\xbd\xab\x15\xc0\x4b\x73\xd2\x52\xdb\
\xbd\x0c\x78\x82\xbc\x83\xef\x16\x60\x7a\x4a\x66\x92\xd4\x0d\xd3\
\x80\xeb\xc9\x2d\x02\x5e\x91\x92\x99\x5a\x2b\x7b\xf0\x5f\x06\x3c\
\x2d\x25\x33\x49\xea\x96\xfd\x80\x25\x58\x04\x28\x41\xf6\xe0\xbf\
\x16\x78\x5d\x4a\x66\x92\xd4\x4d\x2f\x06\x56\x63\x11\xa0\x40\xaf\
\xa1\xcc\x15\x9d\x75\x90\x0d\x03\x1f\x4c\xc9\x4c\x92\xba\xed\xcf\
\xc8\xed\x9b\x57\x50\xde\x03\x53\x0f\xbc\x96\xfc\xc1\xff\x9b\x38\
\x09\x85\x24\x8d\xc6\x10\xf0\x6f\x58\x04\xa8\x61\x6f\x22\x7f\xf0\
\xbf\x9e\xf2\x82\x8b\x24\x69\x74\xa6\x92\xb7\x16\xcb\xfa\x45\xc0\
\x49\x19\xc9\x29\xdf\xa9\xe4\xcd\x3d\xbd\xae\x3d\x0c\x1c\x98\x91\
\x9c\x24\x0d\x98\x39\xc0\x83\xe4\xf6\xd9\x6b\x81\xd3\xe2\x53\x53\
\x96\x09\xc0\x19\xe4\x1e\x44\xeb\xaa\xc9\x63\x13\xf2\x93\xa4\x41\
\x75\x0c\xb9\x2f\x6b\xaf\x6b\xa7\xe3\x63\xdb\xce\x9b\x02\x9c\x45\
\xfe\xc1\xe3\x6c\x53\x92\xd4\x8c\xd7\x93\x7f\xf7\x76\x18\xf8\x77\
\x5c\xab\xa5\xb3\xa6\x03\x17\x93\x7f\xd0\x0c\x03\xbf\x1f\x9f\x9e\
\x24\xf5\xc6\xbb\xa8\xd3\x97\x7f\x1f\x27\x6e\xeb\x9c\xdd\x80\x6b\
\xa9\x73\xc0\xfc\x75\x42\x7e\x92\xd4\x37\x1f\xa3\x4e\x9f\x7e\x0d\
\xb0\x6b\x42\x7e\x6a\xc0\x5e\xc0\xad\xd4\x39\x50\x5c\x73\x5a\x92\
\x62\x0c\x01\x9f\xa5\x4e\xdf\xbe\x00\xd8\x3b\x3e\x45\x8d\xc7\xfe\
\xc0\xdd\xd4\x39\x40\x2e\xa2\xbc\x73\x20\x49\x8a\x31\x19\x38\x97\
\x3a\x7d\xfc\x9d\xc0\xbe\xf1\x29\x6a\x2c\xf6\x00\x16\x52\xe7\xc0\
\xb8\x0a\xbf\xf5\x97\xa4\x0c\x53\x81\x2b\xa9\xd3\xd7\xdf\x01\xec\
\x12\x9e\xa1\xb6\xc8\x54\xe0\xa7\xd4\x39\x20\xae\x01\x66\xc7\xa7\
\x28\x49\x1a\x31\x0b\xb8\x9a\x3a\x7d\xfe\x0f\x81\x6d\xe2\x53\xd4\
\x68\x0c\x51\xa6\xda\xad\x35\xf8\xcf\x8a\x4f\x51\x92\xb4\x81\x1d\
\xa9\x77\xe1\xf7\x95\x84\xfc\x34\x0a\xef\xa6\xce\x01\x70\x35\x0e\
\xfe\x92\x54\xd3\x74\xe0\x47\xd4\x19\x03\x7e\x33\x21\x3f\x6d\xc2\
\x5c\xe0\x11\x1c\xfc\x25\xa9\xaf\xa6\x53\xe7\x9d\x80\xa5\xc0\x9e\
\x09\xf9\xe9\x49\x7c\x8f\xfc\x9d\xfe\x53\xca\xad\x27\x49\x52\x3b\
\xcc\x04\x7e\x42\xfe\x78\xf0\xed\x8c\xe4\xf4\xab\x5e\x4e\x9d\xc1\
\xdf\x2b\x7f\x49\x6a\x9f\x5a\x77\x02\x5c\xf3\x25\xd9\x04\xf2\xdf\
\x00\xbd\x0a\xaf\xfc\x25\xa9\xcd\x66\x92\xff\x4e\xc0\x95\x94\x97\
\xd1\x95\xe4\xf5\xe4\xee\xe0\xf3\xf1\x3b\x7f\x49\xea\x82\xa9\xc0\
\x77\xc8\x1d\x23\x5e\x9d\x92\x99\x00\xf8\x6f\xf2\x76\xec\x97\x28\
\xb3\x4f\x49\x92\xba\x61\x12\xf0\xcf\xe4\x8d\x13\xdf\xcd\x49\x4b\
\x07\x50\x96\xdb\xcd\xd8\xa9\x67\xe0\xdc\xfe\x92\xd4\x45\x43\xc0\
\x69\xe4\x8c\x15\x6b\x71\x9a\xe0\x14\x7f\x4b\xfc\xce\x5c\x03\xfc\
\x6e\x56\x42\x92\xa4\x30\xbf\x43\xe9\xd3\xa3\xc7\x8d\x8f\x67\x25\
\xd4\x67\xb7\x11\xbb\x13\x9f\x00\xde\x90\x96\x8d\x24\x29\xda\xab\
\x80\xc7\x89\x1d\x3b\x6e\x4e\xcb\xa6\xa7\xe6\x11\xbb\x03\x97\x02\
\x47\xa6\x65\x23\x49\xca\x72\x04\xb0\x84\xd8\x31\x64\x6e\x5a\x36\
\x3d\xf4\x1e\xe2\x76\xdc\x63\xc0\x0b\xf2\x52\x91\x24\x25\x7b\x0e\
\xb1\xb3\xc7\xbe\x33\x2f\x95\xfe\x39\x93\x98\x9d\xb6\x06\x78\x51\
\x62\x1e\xe8\x64\x82\x47\x00\x00\x0a\x2c\x49\x44\x41\x54\x92\xa4\
\x3a\x5e\x48\xdc\x3b\x01\xff\x9a\x98\x47\xef\x44\x4d\xfe\xf3\xcf\
\x99\x49\x48\x92\xaa\xfa\x0c\x31\x63\xc9\x8f\x33\x93\xe8\x93\x89\
\xc0\x72\x9a\xdf\x61\x8f\xe2\xf4\xbe\x92\xd4\x27\x3b\x02\xcb\x68\
\x7e\x3c\x79\x8c\x0e\x7d\x3a\xde\x99\x0d\xa5\xac\xba\xb4\x75\x40\
\xdc\x73\x80\x45\x01\x71\x25\x49\xed\xb4\x18\xf8\xcf\x80\xb8\xdb\
\x02\x7b\x04\xc4\x0d\xd1\xa5\x02\x60\x46\x50\xdc\xaf\x05\xc5\x95\
\x24\xb5\xd7\xd7\x83\xe2\xce\x0c\x8a\xdb\xb8\x2e\x15\x00\x3b\x04\
\xc5\xbd\x3e\x28\xae\x24\xa9\xbd\x6e\x08\x8a\xbb\x7d\x50\xdc\xc6\
\x75\xa9\x00\x88\x5a\x8c\xe7\xde\xa0\xb8\x92\xa4\xf6\xba\x3b\x28\
\xae\x05\x40\x00\x97\x5b\x94\x24\x35\x25\x6a\x4c\xe9\xcc\x58\xd5\
\xa5\x02\x60\x59\x50\xdc\x5d\x83\xe2\x4a\x92\xda\x6b\xf7\xa0\xb8\
\x8f\x04\xc5\x6d\x9c\x05\x00\x1c\x12\x14\x57\x92\xd4\x5e\x07\x07\
\xc5\x7d\x34\x28\x6e\xe3\xba\x54\x00\x44\x7d\xaa\xf7\x8a\xa0\xb8\
\x92\xa4\xf6\x8a\xea\xfb\x1f\x0c\x8a\xdb\x6b\x51\x13\x01\x3d\x02\
\xcc\x4e\xcc\x43\x92\x54\xd7\x4e\xc4\x4c\x04\xf4\x38\xdd\xba\xb0\
\xee\x94\xf9\xc4\x4c\xdf\xf8\xc9\xcc\x24\x24\x49\x55\xfd\x3d\x31\
\x63\xc9\x35\x99\x49\xf4\xcd\x57\x88\xd9\x69\xab\x81\x17\x27\xe6\
\x21\x49\xaa\xe3\xa5\x94\x3e\x3f\x62\x2c\x39\x33\x31\x8f\xde\x79\
\x17\x31\x3b\x6d\x98\xb2\x4e\xf4\x33\xf2\x52\x91\x24\x25\x7b\x26\
\xb0\x94\xb8\x71\xe4\xed\x79\xa9\xf4\xcf\xfe\xc4\xed\xb8\x61\xca\
\xdb\x9b\x27\xa4\x65\x23\x49\xca\xf2\x06\xca\x62\x3d\x91\x63\xc8\
\xbc\xb4\x6c\x7a\xea\x4e\x62\x77\xe0\x30\x70\x3e\xf0\x9c\xac\x84\
\x24\x49\x61\x9e\x0b\x5c\x40\xfc\xb8\x71\x5b\x56\x42\x4d\x99\x54\
\x7b\x03\xc6\xe0\x4c\xe0\x8f\x82\xff\x8e\xe3\x46\xda\xed\xc0\x79\
\x94\x1d\x7b\x3f\xb0\x32\xf8\xef\x55\x8e\x29\xc0\xce\x94\x25\x41\
\xa1\xac\x0c\x76\x3f\xb0\xa2\xda\x16\x29\x93\xfb\x7f\xb0\x6d\x05\
\xec\x02\xec\x03\xbc\x04\x98\x9b\xf4\xf7\x9e\x95\xf4\xf7\x34\xa6\
\x33\x53\x16\xae\xe7\x40\xe2\x16\x71\x90\x24\x69\x2c\x0e\x04\x6e\
\xaa\xbd\x11\x5b\xa2\x8b\xdf\x2b\xde\x08\x5c\x5e\x7b\x23\x24\x49\
\x1a\xf1\x03\x3a\x36\xf8\x43\x37\x0b\x00\x80\x8f\xd5\xde\x00\x49\
\x92\x46\xfc\x65\xed\x0d\x18\x8b\x2e\x3e\x02\x80\xb2\xdd\x57\xe3\
\x3c\xfe\x92\xa4\xba\xae\x06\x7e\x8d\xf2\x22\x60\xa7\x74\xf5\x0e\
\xc0\x30\xf0\xe7\xb5\x37\x42\x92\xd4\x7b\x7f\x4a\x07\x07\x7f\xe8\
\x6e\x01\x00\xf0\x1f\xc0\x39\xb5\x37\x42\x92\xd4\x5b\xdf\x04\xce\
\xad\xbd\x11\x63\xd5\xd5\x47\x00\xeb\xcc\x05\xae\x03\xb6\xad\xbd\
\x21\x92\xa4\x5e\x79\x0c\x38\x88\x32\x37\x4d\x27\x4d\xac\xbd\x01\
\xe3\xb4\x94\xb2\x4c\xf0\xf1\xb5\x37\x44\x92\xd4\x2b\xef\x02\x2e\
\xae\xbd\x11\xe3\xd1\xf5\x02\x00\xe0\xc7\x94\x09\x1f\x9e\x5e\x7b\
\x43\x24\x49\xbd\xf0\x15\xe0\xcf\x6a\x6f\xc4\x78\x75\xfd\x11\xc0\
\x3a\xd3\x80\xff\x06\x0e\xad\xbd\x21\x92\xa4\x81\xf6\x53\xe0\x08\
\xca\xda\x31\x9d\x36\x28\x05\x00\xc0\x6c\xe0\x52\x60\xbf\xda\x1b\
\x22\x49\x1a\x48\x0b\x80\xc3\x80\xfb\x6a\x6f\x48\x13\xba\xfc\x15\
\xc0\x86\x1e\x04\x5e\x06\x2c\xac\xbd\x21\x92\xa4\x81\xb3\x10\x78\
\x31\x03\x32\xf8\xc3\x60\x15\x00\x00\x3f\xa3\x54\x67\x37\xd7\xde\
\x10\x49\xd2\xc0\x58\x00\x1c\x49\x19\x63\x06\xc6\xa0\x15\x00\x00\
\x77\x00\x2f\x00\x7e\x58\x79\x3b\x24\x49\xdd\x77\x39\xf0\x3c\x06\
\x6c\xf0\x87\xc1\xf8\x0a\x60\x63\x1e\x07\xbe\x40\x59\xf6\xf3\x30\
\x06\xeb\x5d\x07\x49\x52\xbc\x61\xe0\x53\xc0\x1b\x81\x65\x95\xb7\
\x25\x44\x1f\x06\xc6\x57\x02\x9f\x06\x76\xad\xbd\x21\x92\xa4\x4e\
\x58\x48\xf9\xce\xff\x3f\x6a\x6f\x48\xa4\x41\xbd\x03\xb0\xbe\x9b\
\x81\x7f\xa2\xe4\xfa\x3c\x06\xf3\xb1\x87\x24\x69\xfc\x56\x03\x7f\
\x0f\xbc\x16\xb8\xb6\xf2\xb6\x84\xeb\x43\x01\x00\xb0\x0a\xf8\x2e\
\xf0\x75\x60\x3a\x65\xfa\x46\x0b\x01\x49\x12\xc0\x1a\xe0\x2c\xe0\
\x24\xe0\x4b\xc0\x8a\xba\x9b\x93\xa3\x0f\x8f\x00\x36\x66\x1e\x70\
\x2a\x70\x22\xb0\x63\xe5\x6d\x91\x24\xd5\xb1\x88\x32\xab\xdf\x19\
\x0c\xe0\x4b\x7e\x9b\xd3\xd7\x02\x60\x9d\xad\x80\x97\x02\xaf\x03\
\x8e\x01\x76\xab\xbb\x39\x92\xa4\x60\x0b\x81\x8b\x80\xaf\x01\xdf\
\x01\x56\xd6\xdd\x9c\x7a\xfa\x5e\x00\x6c\xe8\x00\xe0\xf9\x23\x7f\
\xee\x0f\xec\x0b\x4c\x1d\x69\x33\x2a\x6e\x97\x24\x69\xf4\x96\x50\
\xa6\xea\x7d\x14\xb8\x85\xf2\x2e\xd8\xcd\xc0\x65\xc0\x4d\x15\xb7\
\x4b\x52\x82\xeb\x29\x9f\xf1\x34\xd9\x7a\x77\x8b\xb0\x83\x16\xd0\
\xfc\x7e\xbf\x26\x35\x03\x29\x89\x2f\xc2\x69\x50\x5d\x1f\x10\x73\
\x1f\x60\xaf\x80\xb8\x6a\xc6\xde\xc0\xdc\x80\xb8\x11\xc7\x92\x54\
\x9d\x05\x80\x06\xd5\xfc\xa0\xb8\x47\x07\xc5\xd5\xf8\x1d\x13\x14\
\x37\xea\x58\x92\xaa\xb2\x00\xd0\xa0\x8a\xfa\x86\xd7\x02\xa0\xbd\
\xa2\xf6\xcd\xc0\x7f\x0f\x2e\x49\x83\x64\x4f\x9a\x7f\x16\x3c\x0c\
\xdc\x9d\x99\x84\x46\x6d\x88\xf2\x76\x77\xc4\x3e\x7f\x4a\x62\x1e\
\x92\xa4\x06\xdc\x4d\xcc\x80\x70\x68\x66\x12\x1a\x95\x67\x11\xb3\
\xaf\xef\x48\xcc\x41\x4a\xe5\x23\x00\x0d\xb2\x1f\x04\xc5\x3d\x39\
\x28\xae\xc6\xee\x4d\x41\x71\x2f\x0d\x8a\x2b\x55\x67\x01\xa0\x41\
\x16\x55\x00\xbc\x11\x98\x14\x14\x5b\x5b\x6e\x32\xf0\x86\xa0\xd8\
\x97\x05\xc5\x95\x24\x05\x3a\x88\x98\xdb\xc2\xc3\x94\x19\x24\xd5\
\x0e\xc7\x13\xb7\x9f\xf7\x4b\xcc\x43\x92\xd4\xa0\x3b\x88\x19\x18\
\xce\x4a\xcc\x41\x9b\x76\x36\x31\xfb\x78\x41\x66\x12\x92\xa4\x66\
\x7d\x86\x98\xc1\xe1\x09\x5c\x3b\xa2\x0d\x9e\x42\xd9\x17\x11\xfb\
\xf8\x1f\x12\xf3\x90\xd2\xf9\x0e\x80\x06\xdd\xb9\x41\x71\xa7\x00\
\x7f\x10\x14\x5b\xa3\xf7\x7e\xca\xbe\x88\x70\x5e\x50\x5c\x49\x52\
\x82\x29\xc0\x52\x62\xae\x10\x1f\x03\x66\xe7\xa5\xa2\x0d\xec\x4c\
\xd9\x07\x11\xfb\x76\x09\x71\x85\x85\xd4\x0a\xde\x01\xd0\xa0\x5b\
\x01\x9c\x13\x14\x7b\x5b\xe0\xd4\xa0\xd8\xda\xbc\xdf\xa7\xec\x83\
\x08\xdf\xa0\x1c\x3b\x92\xa4\x0e\x8b\x7c\x4b\x7c\x29\x2e\x15\x5d\
\xc3\x8e\xc0\x23\xc4\xed\x57\xbf\xf2\x90\xa4\x01\x30\x99\xb8\x69\
\x62\x87\x81\xbf\xcf\x4b\x45\x23\xa2\x5e\xee\x1c\x06\x7e\x4e\x39\
\x66\x24\x49\x03\xe0\xe3\xc4\x0d\x18\x6b\x80\xe7\xe4\xa5\xd2\x7b\
\xcf\xa2\xfc\xe6\x51\xfb\xf3\xa3\x79\xa9\x48\x92\xa2\xed\x03\xac\
\x25\x6e\xd0\xf8\x11\x30\x31\x2d\x9b\xfe\x9a\x00\x5c\x41\xdc\x7e\
\x5c\x0b\xcc\x4b\xcb\x46\x92\x94\xe2\x42\xe2\x06\x8e\x61\xe0\x9d\
\x79\xa9\xf4\xd6\x7b\x88\xdd\x87\xe7\xe7\xa5\x22\x49\xca\xf2\x52\
\x62\x07\x8f\x25\xc0\xdc\xb4\x6c\xfa\x67\x1f\xe0\x61\x62\xf7\xe1\
\x71\x69\xd9\x48\x92\x52\x5d\x4d\xec\x00\xf2\x23\x60\xab\xb4\x6c\
\xfa\x63\x0a\x70\x15\xb1\xfb\xee\x1a\x60\x28\x2b\x21\x49\x52\xae\
\x53\x88\x1d\x44\x86\x81\x4f\x64\x25\xd3\x23\x9f\x22\x7e\xbf\xbd\
\x31\x2d\x1b\x49\x52\xba\x89\xc0\x4d\xc4\x0e\x24\x6b\x81\x57\x67\
\x25\xd4\x03\xaf\x23\x7e\xf0\xbf\x19\x97\x78\x96\xa4\x81\xf7\x26\
\xe2\x07\x94\x25\xc0\xd3\xb2\x12\x1a\x60\x87\x10\xff\xdc\x7f\x18\
\x78\x43\x56\x42\x92\xa4\x7a\x26\x02\x37\x10\x3f\xa8\xdc\x03\xec\
\x95\x94\xd3\x20\x9a\x03\xdc\x4b\xfc\x7e\xba\x16\xa7\x45\x97\xa4\
\xde\x78\x39\xf1\x03\xcb\x30\x70\x2b\xb0\x53\x52\x4e\x83\x64\x16\
\x70\x23\x39\xfb\xe8\x25\x49\x39\x49\x92\x5a\xe2\x3c\x72\x06\x98\
\x2b\x81\xa9\x49\x39\x0d\x82\x6d\x81\xcb\xc8\xd9\x37\xff\x91\x94\
\x93\x24\xa9\x45\x0e\x04\x56\x92\x33\xd0\xfc\x90\xb2\x80\x8d\x36\
\x6d\x06\x70\x09\x39\xfb\x64\x05\xb0\x5f\x4e\x5a\x92\xa4\xb6\x89\
\x5c\x23\x60\xc3\x76\x3d\xf0\x94\x9c\xb4\x3a\x69\x57\xe2\xe7\x69\
\x58\xbf\x7d\x24\x27\x2d\x49\x52\x1b\x6d\x43\x79\x4e\x9f\x35\xe8\
\xdc\x01\xec\x9f\x91\x58\xc7\x1c\x00\xdc\x49\xde\x7e\xb8\x19\xd8\
\x3a\x25\x33\x49\x52\x6b\x1d\x43\xec\x42\x41\x1b\xb6\x07\x80\x23\
\x52\x32\xeb\x86\xa3\x80\x45\xe4\xfd\xfe\x6b\x81\x23\x33\x12\x93\
\x24\xb5\xdf\x3f\x90\x37\x00\x0d\x03\xab\x80\x3f\xa5\xdf\x9f\x9f\
\x4d\x00\xfe\x1c\x58\x4d\xee\x6f\x7f\x46\x46\x72\x92\xa4\x6e\xd8\
\x9a\xf2\x3d\x78\xe6\x40\x34\x0c\x5c\x04\xec\x92\x90\x5f\xdb\xcc\
\x26\xef\x2b\x8c\xf5\xdb\x75\x94\xc7\x3e\x92\x24\xfd\xc2\xa1\xc0\
\x13\xe4\x0f\x4a\xf7\xd2\xaf\x6f\xd1\x7f\x03\x58\x48\xfe\xef\xbc\
\x1c\x67\x67\x94\x24\x3d\x89\x77\x91\x3f\x30\xad\x6b\xe7\x30\xd8\
\x33\x07\xee\x06\x7c\x91\x7a\xbf\xef\x5b\xe2\x53\x94\x24\x75\xd9\
\xff\xa3\xde\x20\xf5\x18\x70\x1a\x83\xb5\xa4\xf0\x64\xe0\x54\xe0\
\x11\xea\xfd\xae\xff\x14\x9e\xa5\x24\xa9\xf3\xb6\x21\x7e\xed\xf9\
\xcd\xb5\x1b\x80\x93\x28\xeb\x16\x74\xd5\x24\xe0\x64\xe2\x57\x5f\
\xdc\x5c\xbb\x02\x98\x12\x9c\xab\x24\x69\x40\xec\x46\xee\x77\xe9\
\x4f\xd6\x16\x50\xae\x9e\xbb\xf4\xcd\xfa\x64\xe0\xcd\x94\x6f\xed\
\x6b\xff\x7e\xf7\xe0\xe4\x4b\x92\xa4\x2d\x94\xb5\x14\xed\x68\xda\
\x9d\xc0\xfb\x68\xf7\x17\x03\xbb\x02\x7f\x00\xdc\x45\xfd\xdf\x6b\
\x98\xb2\x24\xf3\x41\xa1\x19\x4b\x92\x06\xd6\x71\x94\x39\xe3\x6b\
\x0f\x66\xeb\xda\x6a\xe0\x5c\xe0\x44\xda\xf1\x39\xdb\xb6\x94\x47\
\x15\xe7\x91\xff\x3d\xff\xa6\xda\x13\x94\x09\x9e\x24\x49\x1a\xb3\
\xd7\x50\x26\xee\xa9\x3d\xa8\x6d\xd8\x1e\x06\xce\x02\xde\x06\xec\
\x13\x96\xfd\xaf\x9a\x37\xf2\x77\x7e\x85\xba\x2f\xf6\x3d\x59\x5b\
\x05\xbc\x32\x2c\x7b\x49\x52\xaf\x9c\x0c\xac\xa1\xfe\xe0\xb6\xa9\
\x76\x07\xf0\x59\xca\xe7\x6e\x87\x01\xb3\x1a\xc8\x7b\x16\x70\x38\
\xf0\x56\xe0\x73\xb4\xe3\xbd\x88\x4d\xb5\x35\x94\x3b\x12\x92\x36\
\x63\xa8\xf6\x06\x48\x1d\x72\x0a\xf0\x2f\x74\xeb\xcd\xfc\xc5\x94\
\x97\xf1\x6e\xa5\x3c\x13\x7f\x74\xa4\xad\xfb\x67\x80\xa9\x94\x65\
\x78\xa7\xae\xf7\xcf\xfb\x52\x16\x2d\xea\xd2\x12\xc6\x6b\x80\xdf\
\xa6\xcc\x35\x20\x49\x52\xa3\x5e\x49\x9d\xd9\x02\x6d\x9b\x6e\x2b\
\x80\xd7\x6d\x62\xbf\x49\x92\x34\x6e\x2f\xa7\x4c\xd8\x53\x7b\xd0\
\xb3\x95\xb6\x8c\x7e\x4d\xa5\x2c\x49\xaa\xe8\xd9\xc0\x7d\xd4\x1f\
\xfc\xfa\xde\x16\x02\xcf\xdc\xcc\xbe\x92\x24\xa9\x51\x73\x80\xeb\
\xa9\x3f\x08\xf6\xb5\xcd\x07\xf6\xdc\xdc\x4e\x92\x24\x29\xc2\x34\
\xe0\xab\xd4\x1f\x0c\xfb\xd6\xbe\x05\xec\x30\x8a\xfd\x23\x49\x52\
\x98\x21\xca\x74\xbd\x6d\x9c\x2b\x60\xd0\xda\x6a\xe0\x0f\xf1\x0b\
\x26\x49\x52\x8b\x1c\x0d\xdc\x4d\xfd\x41\x72\x50\xdb\x9d\xc0\x11\
\xa3\xde\x1b\x92\x24\x25\xda\x01\xf8\x32\xf5\x07\xcb\x41\x6b\x5f\
\x03\x66\x6e\xc1\x7e\x90\x24\xa9\x8a\x37\x01\x8b\xa8\x3f\x70\x76\
\xbd\x3d\x80\x33\xfb\x49\x92\x3a\x66\x26\xf0\x19\xea\x0f\xa2\x5d\
\x6d\x67\x03\xb3\xb7\xf8\x57\x97\x24\xa9\x25\x8e\x03\x6e\xa0\xfe\
\x80\xda\x95\x36\x1f\x78\xe1\x98\x7e\x69\x49\x92\x5a\x66\x12\xf0\
\xbb\x94\xb9\xf9\x6b\x0f\xb0\x6d\x6d\x8b\x80\x77\x8f\xfc\x56\x92\
\x24\x0d\x94\x69\x94\xcf\xd8\x96\x52\x7f\xc0\x6d\x4b\x5b\x06\x7c\
\x0c\x98\x3e\x8e\xdf\x55\x92\xa4\x4e\x98\x05\x7c\x1c\x78\x98\xfa\
\x03\x70\xad\xb6\x14\xf8\x3f\x74\x6b\xc5\x41\x49\x92\x1a\x31\x8d\
\x32\x89\xd0\x9d\xd4\x1f\x90\xb3\xda\xcf\x81\xd3\x28\xcb\x0e\x4b\
\x92\xd4\x6b\x93\x81\x13\x80\x0b\x28\xeb\xda\xd7\x1e\xa4\x9b\x6e\
\x6b\x80\xef\x50\x96\xec\x9d\xdc\xd0\x6f\x26\x49\xd2\x40\x99\x0b\
\x7c\x08\xb8\x89\xfa\x03\xf7\x78\xdb\x8d\x94\xab\xfd\x39\x0d\xfe\
\x3e\x92\x24\x0d\xbc\x43\x29\xcf\xc9\xe7\x53\x7f\x30\x1f\x6d\xbb\
\x16\xf8\x28\x70\x48\xc0\xef\x21\xa9\x21\x2e\xa8\x21\x75\xc7\x1e\
\xc0\x4b\x80\x17\x01\x87\x03\xbb\xd6\xdd\x9c\x5f\xf8\x39\x70\x09\
\x70\x21\xe5\x36\xff\x3d\x75\x37\x47\xd2\x68\x58\x00\x48\xdd\xb5\
\x0f\x70\x18\xf0\x2c\xe0\x60\xca\x15\x77\xf4\x7c\xf9\x0f\x01\xd7\
\x00\xd7\x01\x57\x01\x97\x02\x0b\x82\xff\x4e\x49\x01\x2c\x00\xa4\
\xc1\xb2\x3b\xa5\x30\x98\x43\x79\x97\x60\x2f\xca\x27\x87\x3b\x8e\
\xb4\x99\x94\x89\x76\x26\x51\xbe\x40\x80\xf2\x1d\xfe\xea\x91\xf6\
\x10\x65\x42\x9e\xc5\x23\x7f\xde\x05\xdc\x3e\xd2\x6e\x03\x16\xe6\
\xa4\x21\x29\xda\xff\x07\xf4\xf0\x36\x55\xa0\x12\x80\xbe\x00\x00\
\x00\x00\x49\x45\x4e\x44\xae\x42\x60\x82\
\x00\x00\x18\x02\
\x89\
\x50\x4e\x47\x0d\x0a\x1a\x0a\x00\x00\x00\x0d\x49\x48\x44\x52\x00\
\x00\x02\x00\x00\x00\x02\x00\x08\x06\x00\x00\x00\xf4\x78\xd4\xfa\
\x00\x00\x00\x04\x73\x42\x49\x54\x08\x08\x08\x08\x7c\x08\x64\x88\
\x00\x00\x00\x09\x70\x48\x59\x73\x00\x00\x0b\x13\x00\x00\x0b\x13\
\x01\x00\x9a\x9c\x18\x00\x00\x00\x19\x74\x45\x58\x74\x53\x6f\x66\
\x74\x77\x61\x72\x65\x00\x77\x77\x77\x2e\x69\x6e\x6b\x73\x63\x61\
\x70\x65\x2e\x6f\x72\x67\x9b\xee\x3c\x1a\x00\x00\x17\x7f\x49\x44\
\x41\x54\x78\x9c\xed\xdd\x7d\xb0\x6d\x77\x5d\xd8\xe1\xcf\x3d\x09\
\x09\x21\x04\x08\x60\x41\x44\x05\x91\x97\xda\x02\x75\x40\x23\x98\
\x80\xa1\x14\x6c\x05\xd4\x74\xa2\xd2\x01\xac\xed\x38\x16\x5a\xad\
\xb6\xbe\xd5\xa9\x1d\xa7\x55\x47\x3b\xa3\x33\x74\xec\x9b\x9d\x56\
\x3b\xd4\xaa\x84\x8a\x96\x8a\x15\x07\x01\x31\x8a\x0e\x20\x08\x54\
\xa3\x02\xe1\x2d\x02\x21\xbc\x93\x10\x42\xee\xed\x1f\x2b\x57\x2e\
\xf1\xde\x7b\xde\xf6\xde\xbf\x7d\xee\xef\x79\x66\xd6\xe4\xed\xec\
\xbd\xbe\xeb\xdc\x9c\xb5\x3e\x67\xef\xbd\xd6\x3a\x16\xe7\xa2\x87\
\x54\x4f\xaf\xae\xa8\xbe\xa4\xba\x7f\x75\xaf\xea\x13\xd5\x07\xab\
\x3f\xa9\x7e\xaf\x7a\x59\xf5\xea\xea\xf8\x98\x31\x81\x81\x76\xaa\
\x27\x54\x4f\xa9\x2e\xab\x1e\x56\x5d\x5a\x5d\x5c\x7d\xa8\x7a\x5f\
\xf5\x96\x96\x7d\xc4\x4b\xaa\xb7\x8d\x19\x13\xd8\xcd\xb1\xea\x69\
\xd5\xab\x5a\x0e\xe8\x27\xf6\xb8\xbc\xa3\xfa\xee\xea\xee\x9b\x1f\
\x19\x18\xe0\x92\xea\x7b\xaa\x77\xb6\xf7\xfd\xc4\xf1\xea\x95\xd5\
\xd7\x6c\x7e\x5c\xe0\x6c\x1e\x5e\xbd\xa2\xbd\xff\x30\x9f\x6e\x79\
\x77\x75\xd5\xa6\x07\x07\x36\xea\x1b\xaa\x1b\x3a\xdc\xbe\xe2\xe5\
\xd5\x17\x6f\x7a\x70\xe0\x2f\x7b\x66\xf5\xb1\x0e\xf7\x03\x7d\xea\
\xf2\xe3\x2d\x2f\x0d\x02\xe7\x8e\x0b\xab\xff\xda\xea\xf6\x13\x1f\
\x6c\x79\xeb\x00\x18\xe4\xbb\xda\xdf\xcb\xfd\x7b\x5d\x5e\x52\x5d\
\xb4\xc1\xed\x00\xd6\xe7\x6e\xd5\x6f\xb4\xfa\xfd\xc4\x6d\xd5\x73\
\x37\xb8\x1d\xc0\x1d\xbe\xb5\xf5\x1c\xfc\x4f\x2e\x3f\xd7\xf2\xb9\
\x02\xe0\xe8\x3a\xbf\x7a\x69\xeb\xdb\x4f\x1c\xcf\x5b\x87\xb0\x51\
\x5f\x56\xdd\xda\xfa\x7e\xa8\x4f\x2e\xff\x62\x53\x1b\x04\xac\xc5\
\x8f\xb5\xfe\xfd\xc4\xcd\xd5\x63\x36\xb5\x41\x30\xb3\x0b\xab\xeb\
\x5a\xff\x0f\xf5\x89\xea\xf6\xea\x51\x9b\xd9\x2c\x60\xc5\x1e\xd7\
\xf2\x33\xbc\x89\x7d\xc5\x9b\xaa\xf3\x36\xb3\x59\x30\xaf\xef\x6d\
\x33\x3f\xd0\x27\x97\x5f\xdb\xcc\x66\x01\x2b\x74\xac\x7a\x6d\x9b\
\xdd\x57\x7c\xcb\x46\xb6\x0c\x26\x75\x51\xcb\xc5\x39\x36\xf9\x43\
\x7d\xa2\xba\x72\x13\x1b\x07\xac\xcc\x57\xb7\xf9\xfd\xc4\xbb\xaa\
\xbb\x6e\x62\xe3\x60\x46\xcf\x6c\xf3\x3f\xd4\x27\xaa\x6b\x36\xb1\
\x71\xc0\xca\xfc\x52\x63\xf6\x15\xdf\xb0\x89\x8d\x83\x19\x8d\xfa\
\xa1\xbe\xa5\xe5\x54\x22\x60\xfb\x5d\xdc\x66\x3e\x24\xec\x97\x05\
\xd8\x90\x9d\x96\x8b\x6f\x8c\xf8\xa1\x3e\x51\x3d\x79\xfd\x9b\x08\
\xac\xc0\x53\x1a\xb7\x9f\xf8\x40\x4e\x1f\x3e\x32\x5c\xf1\xed\xe8\
\xf8\xfc\x96\x1b\x75\x8c\xe2\x6c\x00\x38\x1a\x1e\x3d\x70\xdd\xf7\
\xa9\x3e\x6f\xe0\xfa\xd9\x07\x01\x70\x74\x7c\xd1\xe0\xf5\x3f\x64\
\xf0\xfa\x81\xbd\x79\xf0\xe0\xf5\xdb\x57\x1c\x11\x02\xe0\xe8\xb8\
\xc7\xe4\xeb\x07\xf6\x66\xf4\xcf\xea\x3d\x07\xaf\x9f\x3d\x12\x00\
\x47\xc7\x05\x83\xd7\x7f\xe1\xe0\xf5\x03\x7b\x63\x5f\xc1\x9e\x08\
\x00\x00\x98\x90\x00\x00\x80\x09\x09\x00\x00\x98\x90\x00\x00\x80\
\x09\x09\x00\x00\x98\x90\x00\x00\x80\x09\x09\x00\x00\x98\x90\x00\
\x00\x80\x09\x09\x00\x00\x98\x90\x00\x00\x80\x09\x09\x00\x00\x98\
\x90\x00\x00\x80\x09\x09\x00\x00\x98\x90\x00\x00\x80\x09\x09\x00\
\x00\x98\x90\x00\x00\x80\x09\x09\x00\x00\x98\x90\x00\x00\x80\x09\
\x09\x00\x00\x98\x90\x00\x00\x80\x09\x09\x00\x00\x98\x90\x00\x00\
\x80\x09\x09\x00\x00\x98\x90\x00\x00\x80\x09\x09\x00\x00\x98\xd0\
\xf9\xa3\x07\x58\x83\xbb\x54\xf7\x39\x65\xb9\xa0\xba\xf8\x8e\xbf\
\x1e\x65\x8f\x1b\xbc\xfe\x07\x56\x57\x0f\x9e\x01\xd8\xdd\x03\x07\
\xaf\x7f\xf4\xbe\x6a\x15\x3e\x55\x7d\xe2\x8e\xbf\xde\x74\xca\x72\
\xdb\xc8\xa1\x56\xed\xd8\xe8\x01\x0e\xe1\x9e\xd5\x63\xaa\x47\x55\
\x8f\xac\xbe\xb8\x7a\x70\xf5\x80\xea\xbc\x81\x73\x01\x70\xee\xb9\
\xbd\x7a\x4f\x75\x7d\xf5\xa7\xd5\x9b\xee\x58\x5e\x57\x7d\x64\xdc\
\x58\x07\x77\x94\x02\xe0\x6e\xd5\xe3\xab\x27\x57\x97\x57\x5f\xde\
\xf2\xdb\x3e\x00\x8c\x72\x7b\xf5\x86\xea\xda\xea\xb7\xab\x97\x75\
\x44\x82\x60\xdb\x03\xe0\xaf\x54\xdf\xd4\xf2\xd2\xf3\x65\x39\xe0\
\x03\xb0\xdd\x6e\xab\x5e\x53\x5d\x53\xfd\x7c\xf5\x81\xb1\xe3\x9c\
\xd9\x36\x06\xc0\x85\xd5\x53\xaa\x67\x57\x5f\x97\x83\x3e\x00\x47\
\xd3\xed\xd5\x2b\xaa\x17\x54\x2f\xaa\x6e\x1e\x3b\xce\x67\xdb\xa6\
\x00\xf8\xbc\xea\x9f\x57\xdf\x52\xdd\x6b\xf0\x2c\x00\xb0\x4a\x1f\
\xaa\x7e\xa6\xfa\x89\xea\x86\xc1\xb3\x54\xdb\x11\x00\x0f\xaa\xbe\
\xab\xfa\xd6\xea\xa2\xb1\xa3\x00\xc0\x5a\x7d\xaa\xfa\xc5\xea\xdf\
\xb4\x7c\x98\x70\x98\x91\x01\xf0\xd0\xea\x07\xab\x67\x76\x6e\x9e\
\x8e\x08\x00\x67\x72\x5b\xf5\x73\xd5\x0f\x57\x6f\x1d\x31\xc0\x88\
\x00\xb8\xa8\xfa\xbe\xea\xfb\x5b\xde\xef\x07\x80\x59\xdd\x56\xfd\
\xc7\xea\x07\x5a\xae\x3d\xb0\x31\x9b\x0e\x80\xa7\x55\xff\xae\xe5\
\x7c\x7d\x00\x60\xf1\xb6\xea\x3b\xaa\x5f\xdd\xd4\x0a\x37\x15\x00\
\x0f\xac\xfe\x7d\xf5\x8c\x0d\xad\x0f\x00\x8e\xa2\x17\x57\xff\xa4\
\x0d\x7c\x50\x70\x13\x01\xf0\xe4\xea\x7f\x54\xf7\xdb\xc0\xba\x00\
\xe0\xa8\xfb\x40\xf5\x9c\xea\xd7\xd6\xb9\x92\x75\x5e\x32\xf7\xfc\
\xea\x5f\x55\xff\xa5\xba\x64\x8d\xeb\x01\x80\x73\xc9\xdd\xaa\xbf\
\x57\xdd\xbb\x7a\x79\x75\x7c\x1d\x2b\x59\xd7\x2b\x00\x0f\x6c\xb9\
\x02\xd2\xe5\x6b\x7a\x7e\x00\x98\xc1\xef\x57\xdf\xd8\x72\x0f\x82\
\x95\x5a\x47\x00\x3c\xb6\x7a\x69\xf5\x39\x6b\x78\x6e\x00\x98\xcd\
\xfb\xaa\xbf\x53\xbd\x7e\x95\x4f\xba\xb3\xca\x27\xab\xae\x6c\x79\
\xb9\xc2\xc1\x1f\x00\x56\xe3\x7e\xd5\xab\x5a\x2e\x93\xbf\x32\xab\
\x0c\x80\xaf\x6f\xf9\xcd\xff\x1e\x2b\x7c\x4e\x00\xa0\xee\x5e\xbd\
\xa4\xe5\xed\x80\x95\x58\xd5\x87\x00\x9f\x57\xfd\x6c\x6e\xdc\x03\
\x00\xeb\x72\x5e\x75\x55\x75\x63\xf5\xda\x55\x3c\xd9\x61\x3d\xa7\
\xfa\xe9\x56\xff\x76\x02\x00\xf0\xd9\x8e\xb5\x7c\x1e\xe0\xdd\xd5\
\x1f\x1c\xe6\x89\x0e\x1b\x00\xcf\x68\xb9\x96\xf1\x3a\x4f\x27\x04\
\x00\x3e\xe3\x58\xf5\x35\xd5\x9b\xab\x3f\x3a\xcc\x93\x1c\xd4\x13\
\xab\xff\x5b\xdd\xf5\x10\xcf\x01\x00\x1c\xcc\x2d\xd5\x53\xab\x57\
\x1f\xe4\xc1\x07\x0d\x80\x47\xb6\x7c\x22\xf1\xd2\x03\x3e\x1e\x00\
\x38\xbc\x8f\x54\x5f\x55\xbd\x61\xbf\x0f\x3c\x48\x00\x5c\xda\x72\
\x2e\xe2\x83\x0e\xf0\x58\x00\x60\xb5\xde\x55\x7d\x69\x75\xd3\x7e\
\x1e\xb4\xdf\x0f\xee\x1d\xab\x7e\x26\x07\x7f\x00\xd8\x16\x9f\xdf\
\x72\x26\xde\xbe\x7e\xa9\xdf\xef\x87\xf7\xbe\xa7\xfa\xf6\x7d\x3e\
\x06\x00\x58\xaf\x87\x55\x1f\xae\x5e\xb3\xd7\x07\xec\xa7\x16\xbe\
\xbc\xe5\x83\x06\x17\xec\x73\x28\x00\x60\xfd\x6e\x6b\xf9\x80\xfe\
\xef\xee\xe5\x8b\xf7\x1a\x00\xf7\xa8\xde\x54\x7d\xc1\x01\x87\x02\
\x00\xd6\xef\xed\xd5\xa3\xab\x8f\xed\xf6\x85\x7b\x7d\x0b\xe0\xc7\
\x5b\x4e\x35\x00\x00\xb6\xd7\xa5\x2d\x57\xe5\xfd\x8d\xdd\xbe\x70\
\x2f\xaf\x00\x3c\xb2\xe5\x53\xff\xe7\x1f\x72\x28\x00\x60\xfd\x3e\
\xdd\x72\x67\xde\x37\x9e\xed\x8b\x76\x3b\x0b\xe0\x58\xf5\x9f\x73\
\xf0\x07\x80\xa3\xe2\xfc\xea\xa7\xda\xe5\x97\xfc\xdd\x02\xe0\x1f\
\x56\x8f\x5b\xd5\x44\x00\xc0\x46\x5c\x5e\x3d\xfb\x6c\x5f\x70\xb6\
\x3a\xb8\xa4\x7a\x5b\x75\xdf\x55\x4e\x04\x00\x6c\xc4\xfb\xaa\x87\
\x54\x9f\x38\xdd\x7f\x3c\xdb\x4b\xfb\xcf\xed\x68\x1f\xfc\x8f\x57\
\xd7\xb7\x7c\x03\x3e\x51\x7d\x68\xe8\x34\x87\xf7\xc0\xc6\xbe\x1a\
\xf3\xee\xf6\x78\x6a\x09\x30\xd4\xe3\x5a\xf6\x17\xa3\xfc\x6e\xcb\
\xfe\xe2\x28\xbb\xb4\xba\xb8\xba\x7f\xf5\x85\x1d\xdd\xbb\xdd\xde\
\xaf\xfa\xb6\xea\x27\xf7\xf3\xa0\x8b\xaa\xf7\x56\x27\x8e\xd0\x72\
\x53\xf5\xc2\x96\x70\x79\x74\x75\xe1\x7e\x36\xf8\x08\xb8\xba\xb1\
\xdf\xdf\x17\xae\x7f\x13\x81\x15\x78\x61\x63\xf7\x15\x57\xaf\x7f\
\x13\x37\xea\xae\x2d\xc7\x94\xe7\x55\xd7\x54\x1f\x6c\xfc\xf1\x6e\
\x3f\xcb\x7b\xda\xe7\x4d\xfb\xbe\x7d\x0b\x86\xde\xcb\x72\x7b\xf5\
\xcb\xd5\xd7\x75\xee\x5f\xa0\x48\x00\x00\x7b\x21\x00\xd6\xeb\xc2\
\xea\xaa\xea\x57\x5a\x8e\x41\xa3\x8f\x83\x7b\x59\x9e\xbb\xd7\x8d\
\xbb\xa0\x7a\xe7\x16\x0c\x7c\xb6\xe5\xb6\x96\x7b\x12\x3c\x7c\xaf\
\x1b\x75\x0e\x10\x00\xc0\x5e\x08\x80\xcd\x79\x44\xf5\xdf\x5b\x8e\
\x49\xa3\x8f\x8b\x67\x5b\xae\x6f\xb9\x36\xc0\x67\x39\xdd\xfb\x1a\
\xcf\x6c\xb9\xb1\xc0\xb6\xba\xb6\x7a\x4c\xf5\x2d\xd5\x75\x83\x67\
\x01\x60\x5e\x7f\x5c\x7d\x73\xf5\x65\x6d\xf7\x67\xa4\xbe\xb0\xe5\
\xd8\xfe\x59\x4e\x17\x00\xff\x60\xfd\xb3\x1c\xc8\xad\x2d\x6f\x4d\
\x5c\x51\xfd\xe1\xe0\x59\x00\xe0\xa4\x37\xb4\x9c\x76\xf7\x9d\x2d\
\xc7\xaa\x6d\xf4\xf7\xef\xfc\x2f\xee\x1c\x00\x0f\x6e\x39\xc0\x6e\
\x9b\xb7\x55\x8f\x6f\xb9\xb0\xc1\x89\xc1\xb3\x00\xc0\x9d\x1d\xaf\
\x9e\xdf\x12\x02\x6f\x1f\x3c\xcb\xe9\x3c\xb1\x3b\xdd\xcf\xe7\xce\
\x01\xf0\xec\xf6\x79\x3f\xe1\x0d\x78\x73\x4b\x94\xbc\x7e\xf4\x20\
\x00\xb0\x8b\xd7\xb6\x9c\x8a\xf9\x07\xa3\x07\xb9\x93\x9d\xea\x59\
\x77\xfe\x17\x27\x1d\xbb\xf3\x7f\xdc\x02\xbf\x53\x7d\x65\x75\xc3\
\xe8\x41\x00\x60\x8f\xde\x57\x5d\xd9\x72\x0c\xdb\x26\x9f\x75\x65\
\xc0\x53\x03\xe0\x2b\xaa\x87\x6e\x76\x96\xb3\x7a\x73\xf5\xb4\xea\
\xa3\xa3\x07\x01\x80\x7d\xfa\x48\xf5\xf4\xea\x2d\xa3\x07\x39\xc5\
\x23\x5a\x3e\xb0\x58\x7d\x76\x00\x3c\x6d\xf3\xb3\x9c\xd1\x7b\xab\
\xaf\xee\xe8\x5f\xbd\x0f\x80\x79\x7d\xb0\xe5\x58\xf6\xfe\xd1\x83\
\x9c\xe2\xe9\x27\xff\xe6\xd4\x00\x78\xd2\x80\x41\x4e\xe7\x78\xf5\
\x9c\x96\xab\x17\x01\xc0\x51\xf6\xee\xea\x9b\x5a\x2e\x1a\xb4\x0d\
\xae\x3c\xf9\x37\x27\x03\xe0\x92\x96\x7b\x07\x6f\x83\x7f\x5b\xfd\
\xc6\xe8\x21\x00\x60\x45\x5e\x51\xfd\xc4\xe8\x21\xee\x70\x59\x75\
\xf7\xfa\x4c\x00\x3c\xa1\xb3\xdf\x18\x68\x53\xde\x51\xfd\xf0\xe8\
\x21\x00\x60\xc5\x7e\xa8\xed\x38\x3d\xf0\x2e\x2d\xa7\x2a\xfe\x45\
\x00\x5c\x79\xe6\xaf\xdd\xa8\xef\xe8\x0c\xb7\x2d\x04\x80\x23\xec\
\x96\xea\x9f\x8d\x1e\xe2\x0e\x4f\xaa\xcf\x04\xc0\x13\x07\x0e\x72\
\xd2\x6b\xab\xff\x3d\x7a\x08\x00\x58\x93\x5f\x69\x3b\xae\x69\xf3\
\xc4\x5a\x02\xe0\xfc\xea\xaf\x8f\x9d\xa5\xaa\x1f\x1d\x3d\x00\x00\
\xac\xd1\x89\xea\x47\x46\x0f\x51\x3d\xb2\x3a\x6f\xa7\xe5\xbc\xc0\
\x7d\xdd\x2b\x78\x0d\xde\x93\xdf\xfe\x01\x38\xf7\xfd\x72\xcb\x99\
\x01\x23\x5d\x54\x3d\x74\xa7\xfa\x92\xc1\x83\x54\xbd\xa0\xed\x39\
\x45\x02\x00\xd6\xe5\x78\xf5\x3f\x47\x0f\x51\xfd\xb5\x9d\x96\x1b\
\x00\x8d\xf6\xf3\xa3\x07\x00\x80\x0d\xf9\x85\xd1\x03\x54\x5f\xb4\
\x0d\x01\xf0\xfe\xea\x4d\x83\x67\x00\x80\x4d\x79\x43\x75\xe3\xe0\
\x19\x1e\xb4\x53\x7d\xfe\xe0\x21\x5e\x91\x5b\xfc\x02\x30\x8f\x13\
\xd5\x2b\x07\xcf\xf0\x05\x3b\xd5\xe7\x0c\x1e\xe2\xb5\x83\xd7\x0f\
\x00\x9b\xf6\xba\xc1\xeb\xbf\xef\x4e\x75\x9f\xc1\x43\x5c\x37\x78\
\xfd\x00\xb0\x69\xa3\x8f\x7d\xf7\xd9\xa9\xee\x35\x78\x88\x3f\x1d\
\xbc\x7e\x00\xd8\xb4\x3f\x19\xbc\xfe\x4b\x77\xaa\x0b\x07\x0f\xf1\
\xc1\xc1\xeb\x07\x80\x4d\x1b\x7d\xec\xbb\x70\xa7\xba\x60\xf0\x10\
\x1f\x1f\xbc\x7e\x00\xd8\xb4\x8f\x0d\x5e\xff\x85\x3b\x2d\x77\x06\
\x1a\xe9\x96\xc1\xeb\x07\x80\x4d\xbb\x79\xf0\xfa\x2f\xd8\xd9\xfd\
\x6b\xd6\xce\x29\x80\x00\xcc\x66\xf8\xb1\x6f\x1b\x02\x00\x00\xd8\
\x30\x01\x00\x00\x13\x12\x00\x00\x30\x21\x01\x00\x00\x13\x12\x00\
\x00\x30\x21\x01\x00\x00\x13\x12\x00\x00\x30\x21\x01\x00\x00\x13\
\x12\x00\x00\x30\x21\x01\x70\x74\x7c\x6a\xf0\xfa\x6f\x1d\xbc\x7e\
\x60\x6f\xec\x2b\xd8\x13\x01\x70\x74\x7c\x64\xf2\xf5\x03\x7b\xf3\
\xd1\xc1\xeb\xb7\xaf\x38\x22\x04\xc0\xd1\xf1\xf6\xc1\xeb\x7f\xdb\
\xe0\xf5\x03\x7b\x33\x7a\x5f\xf1\xd6\xc1\xeb\x67\x8f\x04\xc0\xd1\
\xf1\xae\xc6\xde\x3f\xfa\x8d\x03\xd7\x0d\xec\xdd\xc8\x9f\xd5\x9b\
\xaa\xf7\x0c\x5c\x3f\xfb\x20\x00\x8e\x8e\xe3\xd5\x2b\x07\xad\xfb\
\x93\xd5\xef\x0c\x5a\x37\xb0\x3f\xbf\xdd\xb8\xf7\xe1\x7f\xb3\x2d\
\xb8\xcb\x1d\x7b\x23\x00\x8e\x96\x6b\x06\xad\xf7\x25\xd5\x2d\x83\
\xd6\x0d\xec\xcf\xcd\xd5\xaf\x0e\x5a\xf7\x0b\x07\xad\x97\x03\x3a\
\x31\x78\x61\xef\xee\x5a\xbd\xb7\xcd\xff\x19\x3d\x79\x13\x1b\x07\
\xac\xcc\x53\xdb\xfc\x7e\xe2\x86\x96\x7d\x14\x7b\x37\xfc\xf8\x3b\
\x7c\x00\xf6\xe5\xbb\xdb\xec\x9f\x8f\x97\xfe\xe1\x68\xfa\xfd\x36\
\xbb\xaf\xf8\xce\xcd\x6c\xd6\x39\x65\xf8\xf1\x77\xf8\x00\xec\xcb\
\x85\xd5\x1f\xb7\x99\x3f\x9b\x4f\x57\x8f\xdd\xcc\x66\x01\x2b\x76\
\x59\x75\x7b\x9b\xd9\x57\xbc\xa5\xba\xcb\x66\x36\xeb\x9c\x32\xfc\
\xf8\x3b\x7c\x00\xf6\xed\xd1\xd5\xc7\x5b\xff\x9f\xcd\xf7\x6e\x6a\
\x83\x80\xb5\xf8\x81\xd6\xbf\x9f\xf8\x58\xf5\xa8\x4d\x6d\xd0\x39\
\x66\xf8\xf1\x77\xf8\x00\x1c\xc8\xd7\xb7\xde\xba\x7f\xc1\xe6\x36\
\x05\x58\x93\x63\xd5\xcf\xb5\xbe\xfd\xc4\xf1\xea\xea\x8d\x6d\xcd\
\xb9\x67\xf8\xf1\x77\xf8\x00\x1c\xd8\x73\xab\xdb\x5a\xfd\x9f\xc9\
\xaf\xe4\xc3\x3c\x70\xae\xb8\xa8\xe5\x4c\x9e\x55\xef\x27\x6e\xab\
\xbe\x6d\x83\xdb\x71\x2e\x1a\x7e\xfc\x1d\x3e\x00\x87\xf2\xb7\x5a\
\x2e\x10\xb4\xaa\x3f\x8f\xe7\xe7\xf4\x50\x38\xd7\x1c\xab\x7e\xa8\
\xe5\x37\xf6\x55\xec\x27\x6e\xca\xd9\x41\xab\x30\xfc\xf8\x3b\x7c\
\x00\x0e\xed\x21\xd5\x8b\x3b\xdc\x9f\xc3\x3b\xab\xaf\xdd\xf4\xe0\
\xc0\x46\x3d\xa3\xba\xae\xc3\xed\x2b\x7e\xbd\xfa\xa2\x4d\x0f\x7e\
\x8e\x1a\x7e\xfc\x1d\x3e\x00\x2b\xf3\x95\x2d\x57\xe2\xda\x4f\xe5\
\xbf\xbd\xe5\xf4\x9d\xbb\x0d\x98\x17\xd8\xbc\xbb\xb4\xbc\x7d\x78\
\x7d\x7b\xdf\x4f\x1c\x6f\xd9\xb7\x3c\x75\xf3\xe3\x9e\xd3\x86\x1e\
\x7f\x8f\x35\xfe\x20\x7c\x6c\xf0\xfa\xcf\x45\x0f\xae\x9e\x5e\x5d\
\x51\x7d\x49\xf5\xb9\xd5\xbd\xaa\x4f\xb4\xbc\x5d\x70\x5d\xf5\x7b\
\x2d\x25\x7f\x6d\xe3\xff\x1f\x00\x36\x6f\xa7\xe5\x97\x86\xa7\x54\
\x5f\x51\x3d\xac\xba\x77\x75\x71\xf5\xe1\x96\x0b\xfb\xfc\xbf\xea\
\xd5\x2d\x9f\x21\xb8\x7e\xc8\x94\xe7\xb6\xa1\xfb\x5e\x01\x00\x00\
\x63\x0c\x3d\xfe\xfa\xb0\x17\x00\x4c\x48\x00\x00\xc0\x84\x04\x00\
\x00\x4c\x48\x00\x00\xc0\x84\x04\x00\x00\x4c\x48\x00\x00\xc0\x84\
\x04\x00\x00\x4c\x48\x00\x00\xc0\x84\x04\x00\x00\x4c\x48\x00\x00\
\xc0\x84\x04\x00\x00\x4c\x48\x00\x00\xc0\x84\x04\x00\x00\x4c\x48\
\x00\x00\xc0\x84\x04\x00\x00\x4c\x48\x00\x00\xc0\x84\x04\x00\x00\
\x4c\x48\x00\x00\xc0\x84\x04\x00\x00\x4c\x48\x00\x00\xc0\x84\x04\
\x00\x00\x4c\x48\x00\x00\xc0\x84\x04\x00\x00\x4c\x48\x00\x00\xc0\
\x84\x04\x00\x00\x4c\x48\x00\x00\xc0\x84\x04\x00\x00\x4c\x48\x00\
\x00\xc0\x84\x04\x00\x00\x4c\x48\x00\x00\xc0\x84\x04\x00\x00\x4c\
\x48\x00\x00\xc0\x84\x04\x00\x00\x4c\x48\x00\x00\xc0\x84\x04\x00\
\x00\x4c\x48\x00\x00\xc0\x84\x04\x00\x00\x4c\x48\x00\x00\xc0\x84\
\x04\x00\x00\x4c\x48\x00\x00\xc0\x84\x04\x00\x00\x4c\xe8\xfc\xd1\
\x03\x54\x57\x8f\x1e\x00\x00\x66\x73\xac\x3a\x31\x7a\x08\x00\x60\
\xb3\xbc\x05\x00\x00\x13\x12\x00\x00\x30\x21\x01\x00\x00\x13\x12\
\x00\x00\x30\x21\x01\x00\x00\x13\x12\x00\x00\x30\x21\x01\x00\x00\
\x13\x12\x00\x00\x30\x21\x01\x00\x00\x13\x12\x00\x00\x30\x21\x01\
\x00\x00\x13\x12\x00\x00\x30\x21\x01\x00\x00\x13\x12\x00\x00\x30\
\x21\x01\x00\x00\x13\x12\x00\x00\x30\x21\x01\x00\x00\x13\x12\x00\
\x00\x30\x21\x01\x00\x00\x13\x12\x00\x00\x30\x21\x01\x00\x00\x13\
\x12\x00\x00\x30\x21\x01\x00\x00\x13\x12\x00\x00\x30\x21\x01\x00\
\x00\x13\x12\x00\x00\x30\x21\x01\x00\x00\x13\x12\x00\x00\x30\x21\
\x01\x00\x00\x13\x12\x00\x00\x30\xa1\xf3\x47\x0f\x50\x5d\x33\x7a\
\x00\x00\x18\xe0\xea\x91\x2b\x3f\x56\x9d\x18\x39\xc0\x1d\x33\x00\
\xc0\x6c\x86\x1e\x7f\xbd\x05\x00\x00\x13\x12\x00\x00\x30\x21\x01\
\x00\x00\x13\x12\x00\x00\x30\x21\x01\x00\x00\x13\x12\x00\x00\x30\
\x21\x01\x00\x00\x13\x12\x00\x00\x30\x21\x01\x00\x00\x13\x12\x00\
\x00\x30\x21\x01\x00\x00\x13\x12\x00\x00\x30\x21\x01\x00\x00\x13\
\x12\x00\x00\x30\x21\x01\x00\x00\x13\x12\x00\x00\x30\x21\x01\x00\
\x00\x13\x12\x00\x00\x30\x21\x01\x00\x00\x13\x12\x00\x00\x30\x21\
\x01\x00\x00\x13\x12\x00\x00\x30\x21\x01\x00\x00\x13\x12\x00\x00\
\x30\x21\x01\x00\x00\x13\x12\x00\x00\x30\x21\x01\x00\x00\x13\x12\
\x00\x00\x30\x21\x01\x00\x00\x13\x12\x00\x00\x30\x21\x01\x00\x00\
\x13\x12\x00\x00\x30\x21\x01\x00\x00\x13\x12\x00\x00\x30\x21\x01\
\x00\x00\x13\x12\x00\x00\x30\x21\x01\x00\x00\x13\x12\x00\x00\x30\
\x21\x01\x00\x00\x13\x12\x00\x00\x30\x21\x01\x00\x00\x13\x12\x00\
\x00\x30\x21\x01\x00\x00\x13\x12\x00\x00\x30\x21\x01\x00\x00\x13\
\x12\x00\x00\x30\x21\x01\x00\x00\x13\x12\x00\x00\x30\x21\x01\x00\
\x00\x13\x12\x00\x00\x30\x21\x01\x00\x00\x13\x12\x00\x00\x30\x21\
\x01\x00\x00\x13\x12\x00\x00\x30\x21\x01\x00\x00\x13\x12\x00\x00\
\x30\x21\x01\x00\x00\x13\x12\x00\x00\x30\x21\x01\x00\x00\x13\x12\
\x00\x00\x30\x21\x01\x00\x00\x13\x12\x00\x00\x30\x21\x01\x00\x00\
\x13\x12\x00\x00\x30\x21\x01\x00\x00\x13\x12\x00\x00\x30\x21\x01\
\x00\x00\x13\x12\x00\x00\x30\x21\x01\x00\x00\x13\x12\x00\x00\x30\
\x21\x01\x00\x00\x13\x12\x00\x00\x30\x21\x01\x00\x00\x13\x12\x00\
\x00\x30\x21\x01\x00\x00\x13\x12\x00\x00\x30\x21\x01\x00\x00\x13\
\x12\x00\x00\x30\x21\x01\x00\x00\x13\x12\x00\x00\x30\x21\x01\x00\
\x00\x13\x12\x00\x00\x30\x21\x01\x00\x00\x13\x12\x00\x00\x30\x21\
\x01\x00\x00\x13\x12\x00\x00\x30\x21\x01\x00\x00\x13\x12\x00\x00\
\x30\x21\x01\x00\x00\x13\x12\x00\x00\x30\x21\x01\x00\x00\x13\x12\
\x00\x00\x30\x21\x01\x00\x00\x13\x12\x00\x00\x30\x21\x01\x00\x00\
\x13\x12\x00\x00\x30\x21\x01\x00\x00\x13\x12\x00\x00\x30\x21\x01\
\x00\x00\x13\x12\x00\x00\x30\x21\x01\x00\x00\x13\x12\x00\x00\x30\
\x21\x01\x00\x00\x13\x12\x00\x00\x30\x21\x01\x00\x00\x13\x12\x00\
\x00\x30\x21\x01\x00\x00\x13\x12\x00\x00\x30\x21\x01\x00\x00\x13\
\x12\x00\x00\x30\x21\x01\x00\x00\x13\x12\x00\x00\x30\x21\x01\x00\
\x00\x13\x12\x00\x00\x30\x21\x01\x00\x00\x13\x12\x00\x00\x30\x21\
\x01\x00\x00\x13\x12\x00\x00\x30\x21\x01\x00\x00\x13\x12\x00\x00\
\x30\x21\x01\x00\x00\x13\x12\x00\x00\x30\x21\x01\x00\x00\x13\x12\
\x00\x00\x30\x21\x01\x00\x00\x13\x12\x00\x00\x30\x21\x01\x00\x00\
\x13\x12\x00\x00\x30\x21\x01\x00\x00\x13\x12\x00\x00\x30\x21\x01\
\x00\x00\x13\x12\x00\x00\x30\x21\x01\x00\x00\x13\x12\x00\x00\x30\
\x21\x01\x00\x00\x13\x12\x00\x00\x30\x21\x01\x00\x00\x13\x12\x00\
\x00\x30\x21\x01\x00\x00\x13\x12\x00\x00\x30\x21\x01\x00\x00\x13\
\x12\x00\x00\x30\x21\x01\x00\x00\x13\x12\x00\x00\x30\x21\x01\x00\
\x00\x13\x12\x00\x00\x30\x21\x01\x00\x00\x13\x12\x00\x00\x30\x21\
\x01\x00\x00\x13\x12\x00\x00\x30\x21\x01\x00\x00\x13\x12\x00\x00\
\x30\x21\x01\x00\x00\x13\x12\x00\x00\x30\x21\x01\x00\x00\x13\x12\
\x00\x00\x30\x21\x01\x00\x00\x13\x12\x00\x00\x30\x21\x01\x00\x00\
\x13\x12\x00\x00\x30\x21\x01\x00\x00\x13\x12\x00\x00\x30\x21\x01\
\x00\x00\x13\x12\x00\x00\x30\x21\x01\x00\x00\x13\x12\x00\x00\x30\
\x21\x01\x00\x00\x13\x12\x00\x00\x30\x21\x01\x00\x00\x13\x12\x00\
\x00\x30\x21\x01\x00\x00\x13\x12\x00\x00\x30\x21\x01\x00\x00\x13\
\x12\x00\x00\x30\x21\x01\x00\x00\x13\x12\x00\x00\x30\x21\x01\x00\
\x00\x13\x12\x00\x00\x30\x21\x01\x00\x00\x13\x12\x00\x00\x30\x21\
\x01\x00\x00\x13\x12\x00\x00\x30\x21\x01\x00\x00\x13\x12\x00\x00\
\x30\x21\x01\x00\x00\x13\x12\x00\x00\x30\x21\x01\x00\x00\x13\x12\
\x00\x00\x30\x21\x01\x00\x00\x13\x12\x00\x00\x30\x21\x01\x00\x00\
\x13\x12\x00\x00\x30\x21\x01\x00\x00\x13\x12\x00\x00\x30\x21\x01\
\x00\x00\x13\x12\x00\x00\x30\x21\x01\x00\x00\x13\x12\x00\x00\x30\
\x21\x01\x00\x00\x13\x12\x00\x00\x30\x21\x01\x00\x00\x13\x12\x00\
\x00\x30\x21\x01\x00\x00\x13\x12\x00\x00\x30\x21\x01\x00\x00\x13\
\x12\x00\x00\x30\x21\x01\x00\x00\x13\x12\x00\x00\x30\x21\x01\x00\
\x00\x13\x12\x00\x00\x30\x21\x01\x00\x00\x13\x12\x00\x00\x30\x21\
\x01\x00\x00\x13\x12\x00\x00\x30\x21\x01\x00\x00\x13\x12\x00\x00\
\x30\x21\x01\x00\x00\x13\x12\x00\x00\x30\x21\x01\x00\x00\x13\x12\
\x00\x00\x30\x21\x01\x00\x00\x13\x12\x00\x00\x30\x21\x01\x00\x00\
\x13\x12\x00\x00\x30\x21\x01\x00\x00\x13\x12\x00\x00\x30\x21\x01\
\x00\x00\x13\x12\x00\x00\x30\x21\x01\x00\x00\x13\x12\x00\x00\x30\
\x21\x01\x00\x00\x13\x12\x00\x00\x30\x21\x01\x00\x00\x13\x12\x00\
\x00\x30\x21\x01\x00\x00\x13\x12\x00\x00\x30\x21\x01\x00\x00\x13\
\x12\x00\x00\x30\x21\x01\x00\x00\x13\x12\x00\x00\x30\x21\x01\x00\
\x00\x13\x12\x00\x00\x30\x21\x01\x00\x00\x13\x12\x00\x00\x30\x21\
\x01\x00\x00\x13\x12\x00\x00\x30\x21\x01\x00\x00\x13\x12\x00\x00\
\x30\x21\x01\x00\x00\x13\xda\xa9\x4e\x0c\x9e\xe1\xbc\xc1\xeb\x07\
\x80\x4d\x1b\x7d\xec\x3b\xbe\x53\x7d\x6a\xf0\x10\x17\x0f\x5e\x3f\
\x00\x6c\xda\x25\x83\xd7\xff\xa9\x6d\x08\x80\xbb\x0f\x5e\x3f\x00\
\x6c\xda\xe8\x00\xb8\x75\xa7\xba\x79\xf0\x10\x0f\x18\xbc\x7e\x00\
\xd8\xb4\xcf\x1d\xbc\xfe\x9b\x77\xaa\x0f\x0e\x1e\xe2\x61\x83\xd7\
\x0f\x00\x9b\xf6\xf0\xc1\xeb\xbf\x69\xa7\xfa\xc0\xe0\x21\xfe\xea\
\xe0\xf5\x03\xc0\xa6\x3d\x62\xf0\xfa\x6f\xda\xa9\xde\x3f\x78\x88\
\xcb\x07\xaf\x1f\x00\x36\x6d\xf4\xb1\xef\xfd\x3b\xd5\xf5\x83\x87\
\x78\x5c\x75\xd1\xe0\x19\x00\x60\x53\xee\x56\x5d\x36\x78\x86\xb7\
\x6f\x43\x00\x5c\x58\x3d\x69\xf0\x0c\x00\xb0\x29\x4f\x6e\x39\xf6\
\x8d\x74\xfd\x4e\xf5\x67\x83\x87\xa8\x7a\xf6\xe8\x01\x00\x60\x43\
\x9e\x35\x7a\x80\xee\x38\xf6\x3f\xa0\xe5\x6a\x80\x23\x97\x9b\xab\
\x4b\xd7\xbb\xad\x00\x30\xdc\xa5\xd5\x2d\x8d\x3f\xee\xde\x7f\xa7\
\xba\xa1\xba\x71\xbd\xdb\xbb\xab\x8b\xaa\xe7\x0d\x9e\x01\x00\xd6\
\xed\xdb\xab\xbb\x0e\x9e\xe1\xc6\xea\xbd\x27\xff\xe1\xa5\x8d\xaf\
\x91\x1b\x73\x59\x60\x00\xce\x5d\x97\xb4\x9c\x7a\x3f\xfa\x78\xfb\
\x7f\xea\x33\x77\x03\x7c\xe5\xba\xb6\x76\x1f\xee\x5b\x7d\xef\xe8\
\x21\x00\x60\x4d\xbe\xbf\xba\xcf\xe8\x21\xaa\x57\x9c\xfa\x0f\x8f\
\x6d\x7c\x91\x9c\xa8\x6e\x6d\xfc\xd5\x91\x00\x60\xd5\x1e\x5a\x7d\
\xb2\xf1\xc7\xd9\x13\xd5\x97\x9e\x3a\xd8\x79\xd5\x87\xb6\x60\xa8\
\x13\xd5\xab\x1a\x7f\x9b\x44\x00\x58\x95\xf3\xab\x57\x37\xfe\xf8\
\x7a\xa2\xe5\x2d\x88\x93\xaf\xfe\xff\x85\x5f\xde\x82\xc1\x4e\x2e\
\xff\x7a\x5f\xdf\x5a\x00\xd8\x5e\x3f\xda\xf8\xe3\xea\xc9\xe5\x45\
\xa7\x1b\xf0\x3b\xb6\x60\xb0\x93\xcb\xed\xd5\xd7\xee\xf9\x5b\x0b\
\x00\xdb\xe9\xaa\x96\x63\xda\xe8\xe3\xea\xc9\xe5\xb4\x67\xdc\x3d\
\xa0\xfa\xf4\x16\x0c\x77\x72\xb9\xa5\x7a\xc2\x1e\xbf\xc1\x00\xb0\
\x6d\x9e\xd0\x76\x9c\xf3\x7f\x72\xb9\xad\xba\xff\x99\x86\x7d\xd9\
\x16\x0c\x78\xea\xf2\xe1\xea\x8a\xdd\xbf\xc7\x00\xb0\x55\x9e\xd0\
\x72\x0c\x1b\x7d\x1c\x3d\x75\x79\xe9\xd9\x06\x7e\xd6\x16\x0c\x78\
\xe7\xe5\xe6\xea\xeb\xce\xfa\x6d\x06\x80\xed\x71\x55\xdb\xf5\x9b\
\xff\xc9\xe5\x99\x67\x1b\xfa\xe2\xea\xa3\x5b\x30\xe4\x9d\x97\xe3\
\xd5\xf3\xab\xbb\x9c\x6d\x78\x00\x18\xe8\xbc\xea\x87\xda\xae\xf7\
\xfc\x4f\x2e\x1f\x69\xb9\x0b\xe1\x59\xfd\xec\x16\x0c\x7a\xa6\xe5\
\x55\x2d\xe7\x52\x02\xc0\x36\x79\x78\xdb\x73\xaa\xdf\xe9\x96\xff\
\xb6\x97\x8d\xf8\x8a\x2d\x18\xf4\x6c\xcb\x27\x5b\x4e\x13\xbc\xfb\
\x5e\x36\x06\x00\xd6\xe8\x92\xea\x47\x5a\x2e\x64\x37\xfa\xf8\x78\
\xb6\xe5\xcb\xf7\xba\x41\x2f\xdf\x82\x61\x77\x5b\x6e\xac\xfe\x65\
\x75\xaf\xbd\x6e\x14\x00\xac\xc8\xa5\xd5\x0f\xb6\x1d\xd7\xf6\xdf\
\x6d\x79\xd9\x7e\x36\xec\xca\x2d\x18\x78\xaf\xcb\x2d\xd5\x2f\x54\
\x4f\x6b\x0f\xef\x6f\x00\xc0\x01\xdd\xad\x7a\x46\xf5\xc2\xb6\xf3\
\x43\x7e\x67\x5a\x4e\x7b\x4a\xfd\xb1\xb3\x6c\xe8\xef\x54\x8f\xdb\
\xeb\x77\x65\x4b\xdc\x5a\xbd\xa6\xba\xb6\xfa\xa3\xea\xba\x96\x5b\
\x1e\x7e\xbc\xe5\x52\xc7\x00\xb0\x9b\x4b\x5b\x5e\xda\xbf\x5f\xf5\
\x88\x3b\x96\xcb\x5b\xde\x22\xbf\x60\xe0\x5c\x07\xf1\xea\x0e\x10\
\x00\x5f\xd3\x1d\xb7\x0c\x04\x00\x8e\xa4\xa7\x76\x86\xb7\x00\xce\
\x16\x00\xc7\x5a\x7e\x93\x3e\x6a\xaf\x02\x00\x00\xf5\x5b\xd5\x13\
\xcf\xf4\x1f\xcf\x16\x00\x55\x8f\xac\x5e\xdf\x72\x27\x23\x00\xe0\
\x68\xf8\x74\xf5\xd8\xea\x8d\x67\xfa\x82\xdd\x6e\xbb\xfb\xfe\xea\
\xbe\xd5\x65\x2b\x1c\x0a\x00\x58\xaf\x9f\xac\x5e\x70\xb6\x2f\xd8\
\xed\x15\x80\xaa\x7b\xb4\x7c\xa0\xee\x01\xab\x98\x08\x00\x58\xab\
\x3f\x6f\xf9\xe0\xe2\x47\xcf\xf6\x45\x3b\x7b\x78\xa2\x8f\x56\xdf\
\xb3\x8a\x89\x00\x80\xb5\xfb\xa7\xed\x72\xf0\xaf\xbd\xbd\x02\x70\
\xd2\x8b\x73\x53\x1e\x00\xd8\x66\x2f\xaa\xae\xde\xcb\x17\xee\x27\
\x00\xee\xd5\xf2\x81\xc0\x07\x1f\x64\x22\x00\x60\xad\xde\x5a\x3d\
\xa6\xe5\xc6\x3f\xbb\xda\xcb\x5b\x00\x27\x7d\xb8\xfa\xc6\xea\x53\
\x07\x18\x0a\x00\x58\x9f\xdb\xaa\x67\xb5\xc7\x83\x7f\xed\x7e\x16\
\xc0\x9d\xdd\x50\xdd\xdc\x72\x61\x01\x00\x60\x3b\x7c\x57\xf5\x4b\
\xfb\x79\xc0\x7e\xde\x02\x38\xf5\x31\x2f\xaa\xae\x3a\xc0\x63\x01\
\x80\xd5\xba\xa6\xfa\x86\xfd\x3e\xe8\x20\x01\x50\x75\x51\xf5\xeb\
\xd5\x15\x07\x7c\x3c\x00\x70\x78\xaf\xa9\xfe\x66\xcb\xab\xf3\xfb\
\x72\xd0\x00\xa8\xba\x67\xf5\xaa\xea\xd1\x87\x78\x0e\x00\xe0\x60\
\xde\xdc\x72\xa3\x9f\x03\xdd\xec\xee\x30\x01\x50\xcb\xc5\x81\xae\
\xad\x1e\x74\xc8\xe7\x01\x00\xf6\xee\xdd\xd5\xe3\xab\x77\x1d\xf4\
\x09\xf6\x73\x16\xc0\xe9\xdc\x50\xfd\xed\xea\xc6\x43\x3e\x0f\x00\
\xb0\x37\x37\x56\x4f\xee\x10\x07\xff\x3a\x7c\x00\x54\xfd\x71\xcb\
\x1d\x03\xdf\xba\x82\xe7\x02\x00\xce\xec\x1d\x2d\x9f\xbf\xbb\xee\
\xb0\x4f\xb4\x8a\x00\xa8\xe5\xe0\x7f\x45\x67\xb9\xeb\x10\x00\x70\
\x28\x6f\xa9\x2e\x6f\x05\x07\xff\x5a\x5d\x00\xd4\x72\xf3\x81\xaf\
\xaa\x5e\xbd\xc2\xe7\x04\x00\x96\x4f\xfb\x3f\xb1\xe5\xbd\xff\x95\
\x58\x65\x00\xd4\x72\xb5\xc0\xa7\xb6\xcf\x8b\x11\x00\x00\x67\x74\
\x4d\x75\x65\x75\xd3\x2a\x9f\x74\xd5\x01\x50\x75\x4b\xf5\x77\xab\
\x6f\xcb\x65\x83\x01\xe0\xa0\x6e\xab\xbe\xbf\xe5\x32\xfc\x9f\x5c\
\xf5\x93\x1f\xf6\x34\xc0\xdd\x3c\xa6\xfa\xc5\xea\x21\x6b\x5e\x0f\
\x00\x9c\x4b\xde\x51\x7d\x53\xcb\x4b\xff\x6b\xb1\x8e\x57\x00\x4e\
\xf5\xba\xea\xb1\x2d\xb7\x12\x06\x00\x76\xf7\xa2\x96\x8b\xec\xad\
\xed\xe0\x5f\xeb\x0f\x80\x5a\x3e\x17\x70\x55\xf5\x8c\x0e\x79\xce\
\x22\x00\x9c\xc3\xfe\xbc\xfa\xe6\xea\xea\xf6\x71\x57\xbf\x83\xda\
\xef\xdd\x00\x0f\xe3\x4f\xaa\x9f\x6e\x79\x4f\xe3\xf1\x1b\x5e\x37\
\x00\x6c\xab\x4f\x57\x3f\xd5\xf2\xf9\xb9\xdf\xdf\xd4\x4a\xd7\xfd\
\x19\x80\x33\x79\x54\xf5\x1f\xaa\xaf\x1c\xb4\x7e\x00\xd8\x06\xbf\
\x55\xfd\xe3\x96\xeb\xfa\x6f\xd4\x26\xde\x02\x38\x9d\x3f\x6c\xb9\
\x98\xc1\x15\xd5\xcb\x07\xcd\x00\x00\xa3\x5c\xdb\xf2\xd6\xf8\x57\
\x35\xe0\xe0\x5f\xe3\x5e\x01\xb8\xb3\xcb\xab\xef\xab\x9e\x36\x7a\
\x10\x00\x58\xa3\x6b\xab\x1f\xaf\x5e\x32\x7a\x90\x6d\x09\x80\x93\
\x2e\xab\xfe\x51\xcb\xfb\x20\x97\x0c\x9e\x05\x00\x56\xe1\xa3\xd5\
\xff\xaa\xfe\x53\x1b\x7c\x8f\x7f\x37\xdb\x16\x00\x27\xdd\xb5\x7a\
\x7a\xf5\x9c\xea\xab\xab\xf3\xc7\x8e\x03\x00\xfb\x72\xbc\xfa\xcd\
\xea\x05\x2d\x57\xc7\xfd\xf8\xd8\x71\xfe\xb2\x6d\x0d\x80\x53\x7d\
\x6e\xcb\x69\x84\x4f\x6a\x79\xaf\xe4\xde\x43\xa7\x01\x80\xd3\xbb\
\xa9\x7a\x65\xcb\x81\xff\x97\xaa\xf7\x0e\x9d\x66\x17\x47\x21\x00\
\x4e\xb5\x53\xfd\x8d\x96\x6b\x22\x3f\xa9\xfa\xb2\xea\x73\x86\x4e\
\x04\xc0\xac\x6e\x6c\x79\x49\xff\x15\x2d\x07\xfd\x37\xb6\xfc\xe6\
\x7f\x24\x1c\xb5\x00\x38\x9d\xfb\xb7\x9c\x56\xf8\xc5\xd5\x83\xee\
\x58\xee\x57\xdd\xe7\x8e\xe5\xc2\xea\xa2\x96\xb7\x15\x00\x60\x37\
\x9f\x6c\xb9\xaf\xcd\xad\x2d\xbf\xd5\xdf\x54\xbd\xaf\xba\xbe\x7a\
\x7b\xf5\x67\xd5\x9b\xda\xf2\xdf\xf0\x77\xf3\xff\x01\xb8\x6a\xb4\
\x70\x0f\x72\x3d\x3c\x00\x00\x00\x00\x49\x45\x4e\x44\xae\x42\x60\
\x82\
\x00\x00\x3b\x41\
\x89\
\x50\x4e\x47\x0d\x0a\x1a\x0a\x00\x00\x00\x0d\x49\x48\x44\x52\x00\
\x00\x02\x00\x00\x00\x02\x00\x08\x06\x00\x00\x00\xf4\x78\xd4\xfa\
\x00\x00\x00\x04\x73\x42\x49\x54\x08\x08\x08\x08\x7c\x08\x64\x88\
\x00\x00\x00\x09\x70\x48\x59\x73\x00\x00\x0e\x8c\x00\x00\x0e\x8c\
\x01\x4e\x80\x43\x17\x00\x00\x00\x19\x74\x45\x58\x74\x53\x6f\x66\
\x74\x77\x61\x72\x65\x00\x77\x77\x77\x2e\x69\x6e\x6b\x73\x63\x61\
\x70\x65\x2e\x6f\x72\x67\x9b\xee\x3c\x1a\x00\x00\x20\x00\x49\x44\
\x41\x54\x78\x9c\xed\xdd\x67\x98\x65\x55\x99\xb7\xf1\xfb\x69\x72\
\x10\x24\x29\x51\x82\x80\xa0\x80\x01\x09\xa2\x92\x24\x89\x18\x11\
\x23\x18\x50\xd4\x99\x57\x44\x51\x51\x74\xcc\xa3\xe2\x88\x0a\x98\
\x03\x33\x0a\x8a\x02\x62\x00\x95\x28\x0a\x28\x02\x22\x19\x25\x47\
\x45\x32\x34\x39\x34\xfd\xbc\x1f\xd6\x2e\xba\xe8\x58\xd5\x55\xe7\
\xac\x7d\xce\xbe\x7f\xd7\xb5\xae\x53\x9d\xce\x7e\xba\xab\xab\xd6\
\x7f\xaf\xbd\x42\x64\x26\x92\x24\xa9\x5b\xa6\xd4\x2e\x40\x92\x24\
\xf5\x9f\x01\x40\x92\xa4\x0e\x32\x00\x48\x92\xd4\x41\x06\x00\x49\
\x92\x3a\xc8\x00\x20\x49\x52\x07\x19\x00\x24\x49\xea\x20\x03\x80\
\x24\x49\x1d\x64\x00\x90\x24\xa9\x83\x0c\x00\x92\x24\x75\x90\x01\
\x40\x92\xa4\x0e\x32\x00\x48\x92\xd4\x41\x06\x00\x49\x92\x3a\xc8\
\x00\x20\x49\x52\x07\x19\x00\x24\x49\xea\x20\x03\x80\x24\x49\x1d\
\x64\x00\x90\x24\xa9\x83\x0c\x00\x92\x24\x75\x90\x01\x40\x92\xa4\
\x0e\x32\x00\x48\x92\xd4\x41\x06\x00\x49\x92\x3a\xc8\x00\x20\x49\
\x52\x07\x19\x00\x24\x49\xea\x20\x03\x80\x24\x49\x1d\x64\x00\x90\
\x24\xa9\x83\x0c\x00\x92\x24\x75\x90\x01\x40\x92\xa4\x0e\x32\x00\
\x48\x92\xd4\x41\x06\x00\x49\x92\x3a\xc8\x00\x20\x49\x52\x07\x19\
\x00\x24\x49\xea\x20\x03\x80\x24\x49\x1d\x64\x00\x90\x24\xa9\x83\
\x0c\x00\x92\x24\x75\x90\x01\x40\x92\xa4\x0e\x32\x00\x48\x92\xd4\
\x41\x06\x00\x49\x92\x3a\xc8\x00\x20\x49\x52\x07\x19\x00\x24\x49\
\xea\xa0\x05\x6b\x17\x30\xd9\x22\x62\x61\x60\x43\x60\xe3\xa6\x6d\
\xd8\xfc\xd2\x83\xc0\x03\xa3\xda\x58\x7e\x7c\x2f\xf0\x6f\xe0\xdf\
\x99\xf9\x60\xff\xfe\x16\x92\xa4\x89\x8a\x88\x27\x01\x2b\x01\xcb\
\x03\x4b\x00\x8b\x37\x6d\x4e\x1f\xcf\xee\xc7\xb7\x03\x7f\x6b\xda\
\xb9\x99\xf9\xcf\xfe\xfe\x2d\x7a\x27\x32\xb3\x76\x0d\x93\x22\x22\
\x16\x00\xf6\x03\x3e\x09\x2c\xda\x83\x4b\x4c\xa5\x09\x03\x4d\xbb\
\x69\xa6\x1f\x8f\x04\x85\x7b\x7a\x70\x6d\x49\x52\x23\x22\x96\xa3\
\x74\xec\xf3\x6a\x4b\xf4\xe0\xf2\x17\x01\x6f\xcf\xcc\xf3\x7a\xf0\
\xde\x7d\x35\x14\x01\x20\x22\xd6\x03\x7e\x08\x6c\x56\xb9\x14\x80\
\xfb\x29\x61\xe0\x5a\xe0\x32\xe0\x1f\x23\xaf\x99\x79\x73\xcd\xc2\
\x24\x69\x10\x44\xc4\x82\xc0\x5a\xc0\xfa\xc0\x7a\x4d\x7b\x06\xb0\
\x0a\xb0\x22\xb0\x70\xbd\xea\x00\x98\x06\x7c\x1e\xf8\x7c\x66\x3e\
\x5a\xb9\x96\xf9\x36\xf0\x01\x20\x22\x5e\x4f\xe9\xfc\x7b\x71\xd7\
\x3f\xd9\xa6\x32\x2a\x10\x34\xaf\x97\x01\x57\x67\xe6\x63\x35\x0b\
\x93\xa4\x7e\x6b\x86\xe8\xd7\x1b\xd5\x46\x3a\xfc\xb5\x81\x85\x2a\
\x96\x36\x56\xe7\x03\xdb\x66\xe6\xdd\xb5\x0b\x99\x1f\x03\x1d\x00\
\x22\x62\x75\xe0\x62\xe0\x49\xb5\x6b\x99\xa0\x47\x80\xab\x28\xa1\
\xe0\x52\xe0\x1c\xe0\xec\xcc\xbc\xbd\x6a\x55\x92\x34\x09\x22\x62\
\x0a\xa5\x73\xdf\x1c\x78\x2e\x33\x3a\xfc\x55\x6a\xd6\x35\x49\x0e\
\xcf\xcc\xb7\xd4\x2e\x62\x7e\x0c\x6c\x00\x88\x88\x00\x4e\x01\xb6\
\xad\x5d\x4b\x0f\x5d\x0d\x9c\xd5\xb4\xb3\x81\x0b\x06\x79\xb8\x49\
\x52\x37\x34\xcf\xe8\x37\x1f\xd5\x36\x05\x96\xaa\x5a\x54\x6f\xbd\
\x2a\x33\x7f\x5d\xbb\x88\xf1\x1a\xe4\x00\xf0\x5e\xe0\xeb\xb5\xeb\
\xe8\xb3\x87\x28\x43\x4e\x23\x81\xe0\xac\xcc\xbc\xbe\x6e\x49\x92\
\xba\xac\x79\x5e\xbf\x11\x4f\xec\xf0\xd7\xa9\x5a\x54\xff\xdd\x02\
\x3c\x2b\x33\xef\xa8\x5d\xc8\x78\x0c\x72\x00\xb8\x0e\x58\xbd\x76\
\x1d\x2d\x70\x33\x25\x0c\xfc\x85\x32\x22\x72\x5e\x0e\xea\x27\x55\
\x52\xeb\x45\xc4\x92\xc0\x36\xc0\x8b\x29\x9d\xfd\xc6\x94\xe5\x72\
\x5d\xf7\x81\xcc\x3c\xa8\x76\x11\xe3\x31\x90\x01\x20\x22\x96\x07\
\x6e\xab\x5d\x47\x4b\xdd\x0a\x9c\x08\x9c\x00\x9c\xe4\x3c\x02\x49\
\x13\x15\x11\x1b\x01\x3b\x35\xed\x85\xd4\x9f\x85\xdf\x46\x3f\xce\
\xcc\x3d\x6a\x17\x31\x1e\x83\x1a\x00\x76\xa4\x74\x70\x9a\xbb\xe9\
\x94\xcd\x2b\x4e\x00\x8e\x07\xce\x71\xb5\x81\xa4\x79\x89\x88\x65\
\x81\xed\x29\x1d\xfe\x8e\x94\x35\xf5\x9a\xbb\xcb\x32\x73\xfd\xda\
\x45\x8c\xc7\xa0\x06\x80\x8f\x51\xd6\x60\x6a\x7c\xee\x02\x4e\xa6\
\x04\x82\x13\x33\xf3\xa6\xca\xf5\x48\x6a\x81\x66\x96\xfe\x26\xcc\
\xb8\xcb\xdf\x14\xb7\x8a\x1f\xaf\xe9\xc0\x93\x33\xf3\xde\xda\x85\
\x8c\xd5\xa0\x06\x80\x1f\x03\x6f\xae\x5d\xc7\x10\xb8\x08\xf8\x1d\
\x70\xf4\x30\xec\x6a\x25\x69\xec\x9a\x35\xf8\xaf\x04\x76\xa1\xdc\
\xed\x2f\x5b\xb7\xa2\xa1\xb0\x49\x66\x9e\x5b\xbb\x88\xb1\x1a\xd4\
\xb3\x00\x06\xb5\xee\xb6\xd9\xa8\x69\x1f\x8d\x88\x2b\x81\x9f\x01\
\x3f\xcb\xcc\xbf\xd7\x2d\x4b\x52\x2f\x44\xc4\x62\x94\x0e\xff\x0d\
\xc0\xce\x0c\xc6\x06\x6a\x83\x64\xa0\xfa\x26\x87\x78\x34\x62\x1d\
\xe0\x13\xc0\xa5\x11\x71\x61\x44\xec\x1f\x11\x6b\xd6\x2e\x4a\xd2\
\xc4\x44\xc4\xc2\x11\xf1\xf2\x88\xf8\x09\x65\x92\xf0\x51\xc0\x6b\
\xb0\xf3\xef\xbc\x81\x4a\x2b\xea\x9b\x91\x91\x81\x2f\x44\xc4\xd9\
\x94\x91\x81\xa3\x9c\x33\x20\x0d\x86\xe6\x70\xb4\x97\x00\xaf\xa7\
\x74\xf6\x4f\xae\x5b\x91\xda\xc8\x00\xa0\x79\xd9\xac\x69\x5f\x89\
\x88\x33\x80\x9f\x02\xc7\xb8\xbc\x50\x6a\x97\x66\x77\xd4\x17\x53\
\x86\xf7\x5f\x0b\xac\x50\xb7\x22\xb5\x9d\x8f\x00\x34\x56\x53\x80\
\xad\x80\xef\x00\xff\x8e\x88\xe3\x22\xe2\x65\xcd\xec\x61\x49\x95\
\x44\xc4\x1a\x11\xf1\x45\xe0\x46\xe0\x34\xe0\x3f\xb0\xf3\xd7\x18\
\x38\x02\xa0\xf9\xb1\x20\x65\x22\xd1\x2e\xc0\xf5\x11\xf1\x3d\xe0\
\xd0\xcc\xbc\xa5\x6e\x59\x52\x37\x34\x43\xfc\x3b\x53\x3a\xfb\x1d\
\xf1\x66\x4e\xf3\xc1\xff\x34\x9a\xa8\xd5\x29\x7b\x32\xdc\x18\x11\
\x47\x46\xc4\xd6\x95\xeb\x91\x86\x56\x44\xac\x14\x11\xff\x05\x5c\
\x0b\x1c\x0b\xbc\x14\xbf\x8f\x6b\x3e\xf9\x1f\x47\x93\x65\x21\xe0\
\x75\xc0\x1f\x22\xe2\xef\x11\xf1\xbe\x88\x70\xe2\x91\x34\x41\x51\
\xbc\x24\x22\x7e\x0e\xdc\x00\x7c\x0e\x58\xad\x72\x59\x1a\x02\x06\
\x00\xf5\xc2\xfa\xc0\xc1\xc0\xbf\x22\xe2\xd0\x88\x78\x7e\xed\x82\
\xa4\x41\x13\x11\xcb\x46\xc4\xbe\xc0\xe5\x94\x83\xbe\x76\xc5\xc7\
\xb6\x9a\x44\x06\x00\xf5\xd2\xe2\xc0\x9e\xc0\x5f\x23\xe2\xdc\x88\
\xd8\x33\x22\x16\xa9\x5d\x94\xd4\x66\x11\xb1\x69\x44\xfc\x08\xf8\
\x17\xf0\x15\xba\x77\xb4\xae\xfa\xc4\x00\x30\xab\xab\x81\x07\x6a\
\x17\x31\x84\x36\x06\x0e\x05\xae\x89\x88\x0f\x44\xc4\x12\xb5\x0b\
\x92\xda\xa4\x19\xe6\x3f\x95\x72\xbc\xf7\x5b\x70\xa3\x9e\xc9\xf6\
\x08\x70\x3d\x70\x77\xed\x42\xda\xc2\xe1\xa4\x99\x64\xe6\xda\x00\
\x11\xb1\x14\xe5\x04\xac\x95\x9b\xd7\x39\xb5\xa5\xeb\x54\x3a\xb0\
\x56\x06\xbe\x0a\x7c\x2c\x22\x0e\x02\xbe\x91\x99\x53\x2b\xd7\x24\
\x55\xd1\xac\xdd\x7f\x05\xf0\x31\xca\x01\x3c\x1a\xbf\xe9\x94\x1d\
\x0e\x6f\xa2\x8c\x9a\xdc\x34\xaa\x8d\xfe\xf1\xed\x99\x99\x11\xf1\
\x33\xca\x06\x49\x9d\x67\x00\x98\x83\xcc\xbc\x07\xb8\x87\xf2\xfc\
\x6d\x8e\x22\x62\x71\x60\x55\xe0\x19\xc0\x7a\x33\x35\x0f\xd7\x98\
\xb3\xe5\x81\xff\x06\xf6\x8b\x88\x6f\x02\x5f\xcb\xcc\xdb\x2a\xd7\
\x24\xf5\x45\xb3\x8c\xef\x0d\xc0\x47\x81\x0d\x2a\x97\x33\x08\x92\
\x72\xf7\xfe\x0f\xe0\xef\xcd\xeb\x3f\x28\x93\x22\x6f\xce\xcc\x69\
\x15\x6b\x1b\x58\x06\x80\x09\xca\xcc\x07\x80\x2b\x9a\x76\xdc\xe8\
\x5f\x8b\x88\x15\x98\x35\x14\xac\x07\xac\x81\x8f\x5f\x46\x2c\x05\
\xec\x0f\xec\x13\x11\xdf\x07\x0e\xcc\xcc\x7f\x56\xae\x49\xea\x89\
\x66\x0e\xcc\x5b\x81\x8f\x00\x6b\x55\x2e\xa7\x8d\x1e\x05\xae\x62\
\x46\x07\x3f\xd2\xe1\x5f\xde\x7c\xaf\xd5\x24\x32\x00\xf4\x50\x73\
\x47\x7b\x1b\x70\xc6\xe8\x9f\x8f\x88\x45\x81\x75\x29\xe7\x6f\x6f\
\x46\x19\xfa\xdb\x00\x58\xa0\xdf\x35\xb6\xc8\xe2\xc0\x3e\xc0\x7f\
\x44\xc4\x61\xc0\x01\x99\x79\x75\xe5\x9a\xa4\x49\xd1\xcc\x79\x79\
\x37\xf0\x41\xca\x63\x30\xc1\x83\xc0\xdf\x80\xb3\x28\xf3\x1e\x2e\
\x05\xae\xca\xcc\x47\xab\x56\xd5\x21\x06\x80\x0a\x32\xf3\x21\xe0\
\xa2\xa6\x1d\x0a\x8f\x7f\x83\xd8\x98\x19\x81\x60\x33\xba\xb9\xd6\
\x77\x61\xe0\x9d\xc0\xdb\x23\xe2\x48\xe0\x8b\x99\x79\x49\xe5\x9a\
\xa4\xf9\x12\x11\xcb\x00\x7b\x03\xef\x03\x96\xab\x5c\x4e\x6d\x57\
\x51\x3a\xfb\x91\x76\xa1\x43\xf7\x75\x19\x00\x5a\x22\x33\xef\x07\
\x4e\x6f\x1a\x50\x76\xfd\x62\xc6\x61\x3c\x9b\x52\x46\x0c\x9e\x54\
\xa5\xc0\xfe\x5b\x00\x78\x13\xf0\x86\x88\xf8\x31\xf0\x71\x1f\x0d\
\x68\x50\x34\xa3\x7c\xfb\x50\x1e\x6f\x75\x71\xa2\xf0\x3d\xc0\x39\
\xcc\xe8\xec\xcf\xf6\x00\xb1\xf6\x31\x00\xb4\x58\x66\xfe\x1b\xf8\
\x55\xd3\x46\x26\x0e\x6d\x46\xd9\xfb\x7b\x07\x4a\x20\x18\xf6\xc7\
\x06\x53\x28\x4b\xa2\x76\x6b\x56\x0d\x1c\xd0\x4c\xd0\x94\x5a\xa7\
\x99\xd5\xff\x66\xca\xf6\xd8\x4f\xab\x5c\x4e\x3f\x3d\x4c\x79\xd4\
\x79\x02\x70\x12\x70\x69\x66\x4e\xaf\x5b\x92\xe6\xc5\x00\x30\x40\
\x32\xf3\x31\xe0\xcc\xa6\x7d\xaa\x19\x5e\xdc\x8e\x12\x06\x76\x64\
\xb8\x1f\x19\x2c\x46\xb9\x9b\x7a\x67\x44\x7c\x06\xf8\xae\xc3\x87\
\x6a\x93\x88\xd8\x16\xf8\x32\xf0\xbc\xda\xb5\xf4\xc9\x15\xc0\x89\
\x94\x4e\xff\x8f\x4e\xd2\x1b\x3c\x06\x80\x01\x96\x99\x77\x01\x47\
\x37\x8d\x88\x58\x9f\x19\xa3\x03\x5b\x51\x26\xd6\x0d\x9b\x15\x80\
\x6f\x00\x7b\x47\xc4\x47\x32\xf3\xd7\xb5\x0b\x52\xb7\x45\xc4\xb3\
\x80\x2f\x01\x2f\xab\x5d\x4b\x8f\xdd\x0b\x9c\x4a\xe9\xf0\x4f\xcc\
\xcc\x6b\x2b\xd7\xa3\x09\x32\x00\x0c\x91\xcc\x1c\x59\x36\x73\x50\
\xb3\xdc\xe8\xc5\x94\x23\x43\x77\xa3\xec\x55\x30\x4c\x9e\x01\xfc\
\x2a\x22\x4e\x07\x3e\x94\x99\x7f\xad\x5d\x90\xba\x25\x22\x56\x04\
\x3e\x4b\xd9\xee\x7a\x58\x1f\xc5\x5d\x42\x59\xde\x7c\x22\x70\xa6\
\x33\xf4\x87\x8b\x01\x60\x48\x65\xe6\xc3\x94\x03\x44\x4e\x89\x88\
\x0f\x02\x5b\x50\x76\xbf\xda\x0d\x58\xb1\x66\x6d\x93\x6c\x4b\xe0\
\xec\x66\xc5\xc0\xfe\x99\x79\x5d\xe5\x7a\x34\xe4\x9a\x15\x3b\x1f\
\x06\x3e\x04\x0c\xe3\x96\xd6\x97\x03\x47\x02\x47\x66\xe6\xdf\x6b\
\x17\xa3\xde\x71\x33\x9a\x0e\xc8\xe2\xcf\x99\xf9\x3e\x60\x15\x60\
\x1b\xe0\x3b\x94\x3d\x0a\x86\x41\x50\x76\x55\xbb\x2c\x22\xbe\xec\
\x31\xc4\xea\x85\x88\x58\x20\x22\xf6\xa2\x2c\x67\xfb\x14\xc3\xd5\
\xf9\x5f\x0d\x7c\x11\x78\x4e\x66\xae\x97\x99\x9f\xb2\xf3\x1f\x7e\
\x06\x80\x8e\xc9\xcc\xe9\x99\xf9\xc7\xcc\xfc\x0f\xca\x86\x24\x3b\
\x50\xf6\x22\xb8\xab\x6e\x65\x93\x62\x11\xca\x5d\xd9\xe5\x11\xf1\
\xc6\xda\xc5\x68\x78\x34\x47\x5a\xff\x15\xf8\x1e\xc3\x33\x82\x76\
\x03\x70\x20\xb0\x49\x66\xae\x9d\x99\x1f\xcb\xcc\x0b\x6b\x17\xa5\
\xfe\x31\x00\x74\x58\x66\x4e\xcb\xcc\x93\x33\xf3\x9d\xc0\x53\x81\
\x5d\x80\xc3\x81\xfb\xeb\x56\x36\x61\x4f\x01\x8e\x88\x88\xdf\x45\
\xc4\xea\xb5\x8b\xd1\xe0\x8a\x88\x25\x9b\xe5\xa7\x67\x03\xcf\xad\
\x5d\xcf\x24\xb8\x09\x38\x98\xf2\x48\x70\x8d\xcc\xfc\x70\x66\x9e\
\x5b\xb9\x26\x55\x62\x00\x10\x00\x99\xf9\x68\x66\xfe\x36\x33\xdf\
\x42\x19\x19\xf8\x7f\xc0\xa0\xdf\x0d\xbc\x14\xb8\x34\x22\xf6\x6d\
\xf6\x50\x90\xc6\x2c\x22\x5e\x49\x99\x54\xbb\x0f\x83\xfd\xbd\x72\
\x3a\xf0\x1b\xe0\xe5\xc0\x6a\x99\xf9\xfe\xcc\xfc\x4b\x66\x66\xe5\
\xba\x54\xd9\x20\xff\xa7\x56\x8f\x64\xe6\x3d\x99\xf9\xad\xcc\x7c\
\x0e\xb0\x39\xf0\x7f\xc0\xa0\xae\xf1\x5d\x02\xf8\x0a\x65\xa2\xe0\
\x30\xdc\xc1\xa9\xc7\x22\x62\x95\x88\xf8\x05\x65\x03\xae\x41\x5e\
\x3d\x73\x13\xf0\x39\xca\x9d\xfe\xcb\x33\xf3\x37\x6e\xce\xa3\xd1\
\x0c\x00\x9a\xab\xcc\x3c\x3b\x33\xf7\xa4\x8c\x0a\xec\x0d\x5c\x5c\
\xb9\xa4\xf9\xb5\x31\xf0\xd7\x66\x92\xe0\x30\xee\x8f\xa0\x09\x8a\
\x88\x29\x11\xf1\x5e\xca\x5d\xff\xab\x6b\xd7\x33\x9f\x92\xb2\x64\
\xef\x35\xc0\xea\x99\xf9\xc9\xcc\xbc\xb1\x72\x4d\x6a\x29\x03\x80\
\xc6\x24\x33\xa7\x66\xe6\x37\x32\x73\x23\xca\xf3\xc3\x1f\x51\x4e\
\xf3\x1a\x24\x0b\x50\x26\x09\x5e\x12\x11\x3b\xd4\x2e\x46\xed\x11\
\x11\xcf\x06\xfe\x02\x7c\x9d\xc1\x3c\x6f\xe3\x56\xe0\x00\x60\xed\
\xcc\xdc\x29\x33\x7f\xe9\x4e\x99\x9a\x17\x03\x80\xc6\xad\x79\x7e\
\xf8\x36\xca\xa8\xc0\x3e\xc0\x95\x75\x2b\x1a\xb7\x35\x81\x13\x23\
\xe2\xf0\x88\x58\xa1\x76\x31\xaa\x27\x22\x16\x8f\x88\x2f\x01\xe7\
\x52\x0e\xdc\x1a\x34\x7f\xa0\xec\xef\xb1\x6a\x66\xee\x9f\x99\xd7\
\xd4\x2e\x48\x83\xc3\x00\xa0\xf9\x96\x99\x77\x67\xe6\x21\xc0\x7a\
\xc0\xeb\x80\xf3\x2b\x97\x34\x5e\xbb\x03\xff\x88\x88\x3d\x6a\x17\
\xa2\xfe\x6b\x46\x81\x2e\x01\xf6\x63\xb0\x36\x45\x9b\x0e\x1c\x05\
\x3c\x37\x33\xb7\xcd\xcc\xa3\xdc\xa1\x4f\xf3\xc3\x00\xa0\x09\x6b\
\xf6\x16\x38\x3a\x33\x9f\x07\xec\x04\x9c\x56\xbb\xa6\x71\x58\x0e\
\x38\x2c\x22\x8e\x6a\x0e\x57\xd2\x90\x8b\x88\x45\x23\xe2\x60\xca\
\x9e\xf6\x6b\xd6\xae\x67\x1c\x1e\x01\x7e\x00\xac\x97\x99\xaf\xcf\
\xcc\x0b\x6a\x17\xa4\xc1\x66\x00\xd0\xa4\xca\xcc\x13\x33\x73\x6b\
\xca\x3c\x81\xe3\x28\x93\x92\x06\xc1\x6e\xc0\x85\x11\xb1\x55\xed\
\x42\xd4\x3b\x11\xb1\x01\x65\x43\x9f\xf7\x51\x76\x90\x1c\x04\xf7\
\x03\x5f\x03\xd6\xca\xcc\xbd\x32\x73\xd0\x1e\xb9\xa9\xa5\x0c\x00\
\xea\x89\x66\x9e\xc0\x2b\x80\x8d\x80\x9f\x00\x8f\x55\x2e\x69\x2c\
\x56\x03\x4e\x8d\x88\x2f\x44\xc4\x42\xb5\x8b\xd1\xe4\x89\xe2\x7d\
\x94\xce\x7f\x83\xda\xf5\x8c\xd1\x9d\xc0\x67\x28\xb3\xf9\xf7\xcd\
\xcc\x7f\xd5\x2e\x48\xc3\xc5\x00\xa0\x9e\xca\xcc\x4b\x32\x73\x77\
\x60\x1d\xe0\xdb\xc0\x43\x95\x4b\x9a\x97\x29\xc0\xfe\xc0\x9f\x23\
\x62\x9d\xda\xc5\x68\xe2\x22\xe2\xa9\xc0\xef\x28\x3b\xe0\x2d\x5a\
\xb9\x9c\xb1\xb8\x89\xb2\x5a\x65\xf5\xcc\xfc\x74\x66\xde\x51\xbb\
\x20\x0d\x27\x03\x80\xfa\x22\x33\xaf\xcd\xcc\xff\x04\xd6\x00\x0e\
\xa1\x3c\xcf\x6c\xb3\x4d\x80\xf3\x23\x62\xcf\xda\x85\x68\xfe\x45\
\xc4\x2e\x94\xbd\x2b\x76\xaa\x5d\xcb\x18\xdc\x08\xbc\x9b\x32\xd4\
\xff\x95\xcc\xbc\xaf\x76\x41\x1a\x6e\x06\x00\xf5\x55\x66\xde\x92\
\x99\xfb\x00\xeb\x03\x3f\xa5\xdd\x73\x04\x96\x00\x0e\x8d\x88\xa3\
\x9d\x20\x38\x58\x22\x62\xb1\x88\xf8\x26\x65\x1e\x4a\xdb\x97\x7a\
\xde\x45\x59\x89\xb0\x6e\x66\x7e\xaf\x39\xca\x5b\xea\x39\x03\x80\
\xaa\xc8\xcc\x6b\x32\xf3\x4d\xc0\xf3\x81\x53\x6a\xd7\x33\x0f\xaf\
\x05\x2e\x8a\x88\xad\x6b\x17\xa2\x79\x6b\x36\xf5\x39\x17\xf8\xcf\
\xda\xb5\xcc\xc3\x43\xc0\x97\x81\xa7\x67\xe6\x97\x33\xb3\xed\x8f\
\xc7\x34\x64\x0c\x00\xaa\x2a\x33\xcf\xcb\xcc\xed\x29\xc7\x12\xb7\
\x79\x1f\x81\x55\x81\xdf\x47\xc4\x17\x9d\x20\xd8\x4e\xcd\x44\xbf\
\x0f\x50\x4e\xee\x7b\x66\xed\x7a\xe6\x62\x3a\xf0\x43\xca\x1d\xff\
\x7e\x99\x39\x0c\x47\x71\x6b\x00\x19\x00\xd4\x0a\x99\x79\x32\x65\
\xbf\xfe\x37\x03\xd7\x56\x2e\x67\x4e\xa6\x00\x1f\x05\x4e\x8b\x88\
\x95\x6a\x17\xa3\x19\x22\x62\x69\xca\x89\x77\x5f\x05\x16\xa9\x5c\
\xce\xdc\xfc\x16\x78\x76\x66\xbe\xdd\x3d\xfa\x55\x9b\x01\x40\xad\
\x91\xc5\x11\x94\x9d\x05\xf7\x01\x6e\xaf\x5c\xd2\x9c\xbc\x00\x38\
\x37\x22\x06\x71\xeb\xd8\xa1\x13\x11\xeb\x53\x96\xf7\xed\x5c\xbb\
\x96\xb9\x38\x1b\xd8\x2a\x33\x77\xc9\xcc\x4b\x6a\x17\x23\x81\x01\
\x40\x2d\x94\x99\x8f\x34\x5b\x0c\x3f\x1d\xf8\x02\xed\x5c\x31\xb0\
\x32\x70\x7a\x44\xbc\xa5\x76\x21\x5d\x16\x11\xaf\xa4\x74\xae\x6d\
\x5d\xb2\x79\x25\xf0\xda\xcc\xdc\x3c\x33\x4f\xaf\x5d\x8c\x34\x9a\
\x01\x40\xad\x95\x99\xf7\x64\xe6\xc7\x81\x67\x03\x7f\xac\x5c\xce\
\xec\x2c\x02\xfc\x28\x22\xbe\x1a\x11\x0b\xd4\x2e\xa6\x4b\x9a\xe7\
\xfd\x9f\x06\x7e\x49\x3b\x4f\xef\x7b\x18\xf8\x14\xb0\x61\x66\x1e\
\x53\xbb\x18\x69\x76\x0c\x00\x6a\xbd\xcc\xbc\x2c\x33\xb7\x01\xde\
\x0a\xdc\x56\xbb\x9e\xd9\xf8\x00\x70\x42\x44\x2c\x5b\xbb\x90\x2e\
\x88\x88\x27\x51\x3a\xfe\x4f\xd1\xce\xed\x7c\x4f\x06\x36\xc8\xcc\
\xcf\xba\xa4\x4f\x6d\x66\x00\xd0\xc0\xc8\xcc\xc3\x28\xf3\x03\x7e\
\x40\xfb\xf6\x0f\xd8\x0e\xf8\x6b\xb3\xd7\xbc\x7a\x24\x22\xd6\xa5\
\x0c\xf9\xbf\xb2\x76\x2d\xb3\x71\x33\xf0\xc6\xcc\xdc\x21\x33\xaf\
\xaa\x5d\x8c\x34\x2f\x06\x00\x0d\x94\xcc\xbc\x33\x33\xf7\x02\x5e\
\x4c\x39\xca\xb5\x4d\xd6\x02\xfe\x12\x11\xaf\xae\x5d\xc8\x30\x8a\
\x88\x9d\x81\x73\x28\x9b\x48\xb5\xc9\x74\xe0\x9b\x94\x53\xfa\x7e\
\x56\xbb\x18\x69\xac\x0c\x00\x1a\x48\x99\xf9\x67\xe0\xb9\xc0\x47\
\x80\x07\x2a\x97\x33\xda\x92\xc0\x31\x11\xf1\xe9\x88\x68\xe3\xf0\
\xf4\x40\x8a\x88\x8f\x51\x76\xf5\x5b\xba\x76\x2d\x33\x39\x0f\xd8\
\x3c\x33\xdf\x9b\x99\x53\x6b\x17\x23\x8d\x87\x01\x40\x03\x2b\x33\
\xa7\x65\xe6\xff\x50\x36\x7d\xf9\x4d\xed\x7a\x46\x09\xca\xf3\xe9\
\x63\x22\x62\xc9\xda\xc5\x0c\xb2\x88\x58\x22\x22\x8e\x06\x3e\x4f\
\xbb\xbe\x5f\xdd\x4b\x59\xaa\xba\x69\x66\xfe\xb5\x76\x31\xd2\xfc\
\x68\xd3\x17\x94\x34\x5f\x32\xf3\xfa\xcc\x7c\x39\x65\xcb\xde\x36\
\x4d\x12\x7c\x35\x70\x66\x44\xac\x52\xbb\x90\x41\xd4\xfc\xbb\x9d\
\x49\xf9\xbc\xb6\xc9\x2f\x28\xc3\xfd\x87\x64\xe6\x20\x1c\x73\x2d\
\xcd\x96\x01\x40\x43\xa3\x59\x6e\xb5\x21\x65\xb7\xb5\xb6\xd8\x90\
\x72\xb4\xf0\x33\x6a\x17\x32\x48\x22\x62\x3d\x4a\xe7\xbf\x51\xed\
\x5a\x46\x99\x0a\xec\x91\x99\xbb\x66\xe6\x4d\xb5\x8b\x91\x26\x6a\
\x60\x02\x40\x44\x4c\x89\x88\x4d\x23\xe2\xbf\x80\x17\xd6\xae\x47\
\xed\xd4\x9c\x36\xb8\x0b\xe5\x20\x98\xb6\xcc\x0d\x58\x9d\x12\x02\
\xdc\x39\x70\x0c\x22\x62\x73\xe0\x4f\xc0\xd3\x6a\xd7\x32\xca\x1f\
\x81\x8d\x32\xf3\xc7\xb5\x0b\x91\x26\x4b\xab\x03\x40\x44\xac\x1e\
\x11\x7b\x35\xcf\x00\x6f\xa7\x2c\xff\xf9\x1c\xe5\x60\x16\x69\x8e\
\x32\xf3\xdb\xc0\xf3\x28\xa7\xc2\xb5\xc1\x72\xc0\xa9\x11\x31\x08\
\xe7\xd2\x57\x13\x11\x2f\x03\x7e\x4f\xf9\xf7\x6a\x83\x87\x81\x0f\
\x01\xdb\x66\xe6\x0d\xb5\x8b\x51\xeb\x2d\x51\xbb\x80\xf1\x88\xcc\
\xf6\x2c\xa7\x6e\x26\x4c\x6d\x43\x39\x19\x6e\x07\x60\xdd\x7e\xd7\
\x90\x99\xce\xdc\x1e\x22\x11\xb1\x20\x65\x42\xde\xfe\x40\x1b\x76\
\xeb\x7b\x14\xd8\xd3\x3b\xc9\x59\x45\xc4\xdb\x81\xef\x01\x0b\xd6\
\xae\xa5\x71\x11\xb0\x7b\x66\x5e\x5c\xbb\x10\x4d\x9e\x88\xf8\x19\
\xf0\xfa\x1e\xbd\x7d\x02\x17\x50\x36\x83\x3a\x09\xf8\x53\x9b\x37\
\x83\xaa\x1a\x00\x22\x62\x0a\xe5\x04\xb8\x91\x0e\xff\x05\x40\xd5\
\xa3\x56\x0d\x00\xc3\x29\x22\xb6\x00\x0e\xa7\xac\xd5\xaf\x2d\x81\
\x0f\x65\xe6\x57\x6b\x17\xd2\x16\x11\xb1\x3f\xe5\xdc\x87\x36\x98\
\x0e\x7c\x05\xf8\xaf\xcc\x6c\xe3\x39\x14\x9a\x80\x1e\x07\x80\x99\
\x3d\x08\x9c\x4e\x09\x03\x27\xb7\x2d\x4c\xf6\x3d\x00\x44\xc4\x6a\
\xcc\xe8\xf0\x5f\x42\x7b\x86\xfa\x00\x03\xc0\x30\x6b\xb6\x90\x3d\
\x18\x78\x7b\xed\x5a\x1a\x5f\x06\x3e\x92\x6d\x1a\x86\xeb\xb3\xe6\
\x26\xe0\x20\x60\xef\xda\xb5\x34\xae\x07\xde\x9a\x99\xa7\xd5\x2e\
\x44\xbd\xd1\xe7\x00\x30\xb3\x7f\x03\xa7\x30\x23\x10\xdc\x52\xa9\
\x0e\xa0\x0f\x01\xa0\xf9\x02\xdf\x92\xb2\x24\x6a\x07\xca\x56\xae\
\xad\x65\x00\x18\x7e\x11\xf1\x1a\xca\x50\x73\x1b\xc2\xe7\x61\xc0\
\x3b\x32\x73\x5a\xed\x42\xfa\x2d\x22\x16\xa6\x8c\xca\xbc\xae\x76\
\x2d\x8d\xc3\x80\xbd\x33\xf3\x9e\xda\x85\xa8\x77\x2a\x07\x80\xd1\
\x12\xb8\x98\x26\x0c\x00\x67\x64\xe6\x83\xfd\x2c\xa0\x27\x01\xa0\
\x39\x19\x6d\x2b\x60\x37\x4a\xc7\xff\xd4\x49\xbf\x48\x8f\x18\x00\
\xba\x21\x22\x56\x05\x8e\x01\xda\x30\x33\xff\x77\xc0\x6e\x99\xd9\
\x96\x55\x0b\x3d\x17\x11\x4b\x01\xbf\xa2\xcc\xf9\xa9\xed\x7e\xe0\
\x9d\x6e\xe3\xdb\x0d\x2d\x0a\x00\x33\x7b\x88\xb2\xfa\xe5\xa4\xa6\
\x5d\xd4\xeb\xd1\xc1\x49\x0b\x00\xcd\x64\xab\xad\x99\xd1\xe9\xaf\
\x30\x29\x6f\xdc\x67\x06\x80\xee\x68\xee\x40\xbf\x01\xec\x55\xbb\
\x16\xe0\x2c\xe0\x65\x99\x79\x67\xed\x42\x7a\x2d\x22\x56\x04\x8e\
\x07\x9e\x53\xbb\x16\xe0\x0a\xe0\x35\x99\x79\x69\xed\x42\xd4\x1f\
\x2d\x0e\x00\x33\xfb\x17\x65\xd3\xa9\x63\x28\x93\x09\x27\x7d\xd3\
\xa9\x09\x05\x80\xa6\xd3\xdf\x96\x19\x9d\x7e\x1b\x86\x54\x27\xc4\
\x00\xd0\x3d\x11\xf1\x0e\xca\x61\x2e\x8b\x54\x2e\xe5\x22\xca\x72\
\xb3\x3b\x2a\xd7\xd1\x33\x11\xb1\x32\x70\x1a\xb0\x76\xed\x5a\x28\
\x23\x10\x6f\x75\xc8\xbf\x5b\x06\x28\x00\x8c\x76\x2b\xe5\xff\xeb\
\x31\xc0\x1f\x32\xf3\xd1\xc9\x78\xd3\x71\x07\x80\x88\x58\x88\x72\
\xf4\xe9\x6b\x81\x57\x01\x43\x75\x06\xba\x01\xa0\x9b\x22\x62\x13\
\xca\x17\xd7\x6a\x95\x4b\x39\x9f\x12\x02\xee\xae\x5c\xc7\xa4\x8b\
\x88\x95\x28\x1b\xea\xf4\x7d\x79\xef\x4c\xa6\x03\xff\x05\x1c\xd0\
\xe5\x09\x98\x5d\x35\xa0\x01\x60\xb4\xbb\x80\x63\x29\xdf\xaf\x4e\
\x9a\xc8\x32\xc3\x31\x05\x80\x66\xa8\x74\x7b\x4a\xa7\xff\x4a\x60\
\x99\xf9\xbd\x60\xdb\x19\x00\xba\x2b\x22\x56\x00\x7e\x46\x19\xd5\
\xaa\xe9\xaf\xc0\x76\xc3\x74\x67\x1a\x11\x4f\xa5\x74\xfe\xb5\x27\
\x01\xdf\x0e\xbc\x31\x33\x4f\xa9\x5c\x87\x2a\x19\x82\x00\x30\xda\
\xbd\x94\xad\xcf\x8f\x01\x8e\xcf\xcc\xfb\xc7\xf3\x87\xe7\x1a\x00\
\x22\x62\x07\xe0\xcd\x94\x4e\xbf\x6d\xc7\x70\xf6\x84\x01\xa0\xdb\
\x9a\x09\xac\x07\x50\x76\x7f\xab\xe9\x2f\xc0\x0e\x99\x79\x5f\xe5\
\x3a\x26\xac\x09\x56\x7f\xa4\x9c\xda\x58\xd3\xb9\xc0\xae\xee\xe8\
\xd7\x6d\x43\x16\x00\x46\x7b\x10\x38\x81\x12\x06\x8e\x1b\xcb\x0d\
\xc4\x6c\x03\x40\x44\x3c\x1d\xf8\x3a\xf0\xd2\xc9\xae\xb0\xed\x0c\
\x00\x02\x88\x88\xdd\x80\xff\x05\x6a\x1e\xe7\x7b\x3a\xf0\xd2\x41\
\x5e\x1d\x10\x11\xcb\x03\xa7\x52\x0e\x45\xaa\xe9\x07\xc0\x7b\xdb\
\xbc\x2b\x9b\xfa\x63\x88\x03\xc0\x68\x8f\x50\xf6\x1b\x38\x06\xf8\
\xf5\x9c\xe6\x15\x3d\xe1\x2c\x80\x88\xf8\x79\x44\xdc\x0d\x5c\x46\
\x07\x3b\x7f\x69\x44\x66\x1e\x0d\x6c\x4e\x99\x25\x5e\xcb\x96\xc0\
\x71\x11\xb1\x58\xc5\x1a\xe6\x5b\x44\x2c\x4b\xf9\x26\x54\xb3\xf3\
\x7f\x98\xb2\xc4\x6f\x2f\x3b\x7f\x75\xc8\xc2\xc0\xce\xc0\xa1\xc0\
\xcd\x11\xf1\x85\x88\x98\x65\x92\xf3\xe3\x01\x20\x22\xde\x0f\xec\
\x4a\x19\xea\x6f\xcb\x5e\xdc\x52\x35\xcd\xd2\xb0\x4d\x29\x77\xb0\
\xb5\x6c\x0b\xfc\x72\x76\x5f\xbc\x6d\x16\x11\xcb\x50\x3a\xff\x67\
\x57\x2c\xe3\x66\xe0\x45\x99\x79\x68\xc5\x1a\xa4\xda\x16\xa4\x9c\
\x85\x72\x7e\x44\x7c\x27\x22\xde\x33\xf2\x0b\x91\x99\x44\xc4\x3a\
\x94\x25\x48\x8b\xd6\xaa\xb0\x2d\x7c\x04\xa0\x99\x35\x93\x60\xff\
\x97\x32\x1f\xa6\x96\xdf\x52\xd6\xab\xb7\x7e\x6f\xfa\x88\x58\x9a\
\xd2\xf9\x3f\xbf\x62\x19\x97\x51\x1e\x9f\x5c\x57\xb1\x06\xb5\x50\
\x47\x1e\x01\xcc\x4d\x52\xf6\x1c\x39\x7e\x64\x04\xe0\x20\xec\xfc\
\xa5\xd9\x6a\x3a\xdd\x3d\x28\x93\x03\x6b\x79\x19\x70\x64\xb3\xf7\
\x46\x6b\x35\x3b\xfc\x9d\x44\xdd\xce\xff\x0c\x60\x0b\x3b\x7f\x69\
\xb6\x02\xf8\x61\x44\x2c\x3b\x12\x00\x9e\x5e\xb3\x1a\xa9\xed\xb2\
\xd8\x1f\xf8\x4f\x60\xd2\x77\xe4\x1a\xa3\x57\x01\x47\x34\x2b\x15\
\x5a\xa7\x39\x6c\xe9\x04\xea\x6e\xaf\x7c\x34\xb0\x7d\x66\xde\x55\
\xb1\x06\xa9\xed\x9e\x02\x7c\x65\x4a\x73\x58\x4f\x27\x96\xf8\x49\
\x13\x95\x99\xdf\x06\x5e\x43\x59\x72\x53\xc3\x6e\x94\xf4\xde\xaa\
\x47\x55\xcd\x44\xc5\xdf\x51\x8e\xf4\xae\xe5\xab\xc0\xeb\x9d\xec\
\x27\x8d\xc9\xab\xa7\x50\xb6\xf0\x5d\xb1\x76\x25\xd2\xa0\xc8\xcc\
\x63\x29\x87\xd8\xdc\x5e\xa9\x84\xdd\x81\xcf\x57\xba\xf6\x2c\x9a\
\x9b\x88\x23\x80\x17\x55\x2a\x61\x3a\xb0\x4f\x66\x7e\xd0\x9d\xfd\
\xa4\xb1\x9b\x02\x7c\xb8\x76\x11\xd2\xa0\xc9\xcc\xb3\x29\x77\xbb\
\x57\x57\x2a\x61\xff\x88\x68\xc3\x21\x46\x50\xe6\x10\xbd\xaa\xd2\
\xb5\x1f\xa2\x9c\xa4\x78\x48\xa5\xeb\x4b\x03\x6b\x0a\xed\x38\x91\
\x4b\x1a\x38\x99\x79\x15\x25\x04\x9c\x53\xa9\x84\x6f\x45\xc4\x4e\
\x95\xae\x0d\x40\x44\x7c\x10\xd8\xbb\xd2\xe5\xef\x00\x5e\x92\x99\
\xbf\xa8\x74\x7d\x69\xa0\x4d\x99\xf7\x6f\x91\x34\x27\x99\x79\x1b\
\xe5\x71\xc0\x6f\x2a\x5c\x7e\x41\xe0\xe8\x88\xa8\x12\xe2\x23\xe2\
\x75\xc0\x97\x6b\x5c\x1b\xb8\x86\x32\xd3\xff\xcc\x4a\xd7\x97\x06\
\xde\xa0\x05\x80\x3b\x81\xbf\xd5\x2e\x42\x1a\xad\xd9\xaa\xf7\xd5\
\x94\x19\xe8\xfd\xb6\x24\xf0\xdb\x88\x58\xb5\x9f\x17\x8d\x88\x17\
\x03\x87\x51\x96\x14\xf5\xdb\x3f\x80\x17\x66\x66\xcd\x5d\x1a\xa5\
\x99\x5d\x06\x0c\xd4\x39\x13\x83\x10\x00\x2e\x07\x0e\x04\xb6\xa2\
\x2c\x5d\x38\xb0\x6e\x39\xd2\xac\x32\x73\x1a\xf0\x46\xca\x69\x82\
\xfd\xb6\x32\xf0\xbb\x66\x0d\x7e\xcf\x45\xc4\x7a\x94\xb3\xc9\x6b\
\xec\x4e\x78\x29\xb0\x75\x66\xde\x5c\xe1\xda\xd2\xdc\xfc\x3a\x33\
\x57\xa7\xec\x7e\xf9\x71\xca\x81\x5e\xd3\xeb\x96\x34\x77\x6d\xdc\
\x54\x64\x1a\xf0\x27\xe0\x38\xca\x89\x46\x57\x8e\xfe\xc5\x96\xad\
\x7e\x92\x1e\x97\x99\x8f\x45\xc4\xee\x94\x2f\xfa\x37\xf5\xf9\xf2\
\x1b\x02\x3f\x8f\x88\x97\x65\xe6\xa3\xbd\xba\x48\x73\xac\xef\xf1\
\xc0\xb2\xbd\xba\xc6\x5c\x5c\x4c\x79\xe6\x7f\x5b\x85\x6b\x4b\x63\
\x92\x99\x17\x51\x76\xd6\xfd\x42\x73\x12\xe6\xce\xc0\x2e\xc0\x0e\
\x40\x5f\x42\xfa\x58\xb5\x25\x00\xdc\x4d\xd9\x40\xe4\x38\xca\x99\
\xc6\x6e\xe2\xa1\x81\xd4\x84\x80\xb7\x50\x42\xc0\xee\x7d\xbe\xfc\
\xf6\xc0\x77\x81\x3d\x7b\xf1\xe6\x11\xb1\x04\x65\x4b\xe2\x35\x7a\
\xf1\xfe\xf3\x70\x21\xb0\x5d\x66\xd6\x5a\x7a\x29\x8d\x5b\x13\x56\
\x7f\x04\xfc\x28\x22\x16\xa2\x8c\x64\xef\xd2\xb4\xea\x1b\xf0\xd5\
\x0c\x00\x57\xd1\xdc\xe5\x03\x67\x34\x43\xa8\xd2\xc0\x6b\x42\xc0\
\x5b\x29\x21\xe0\x2d\x7d\xbe\xfc\xdb\x23\xe2\xda\xcc\xfc\xdc\x64\
\xbe\x69\xb3\xfb\xe0\x51\xc0\xc6\x93\xf9\xbe\x63\x74\x3e\xa5\xf3\
\xbf\xb3\xc2\xb5\xa5\x49\xd1\x8c\xcc\x9d\xd2\xb4\xf7\x37\x8f\xd2\
\x5e\x4e\x09\x03\x2f\x04\xfa\xbe\xc3\x67\x3f\x03\xc0\x63\x94\x67\
\x22\xc7\x52\x86\xf6\x2f\xeb\xe3\xb5\xa5\xbe\xca\xcc\xe9\x11\xf1\
\x76\x4a\x08\x78\x5b\x9f\x2f\xff\xd9\x88\xb8\x2e\x33\x0f\x9f\xc4\
\xf7\xfc\x16\x65\x28\xb3\xdf\xce\x05\x76\x70\x54\x50\xc3\xa6\xe9\
\x03\x2f\x03\xbe\xdc\x9c\x9e\xb9\x13\x25\x10\xec\x04\x2c\xd3\x8f\
\x1a\x7a\x1d\x00\xee\x01\x4e\xa4\xdc\xe5\xff\x2e\x33\xef\xe8\xf1\
\xf5\xa4\xd6\x68\x42\xc0\x3b\x28\xe1\xf7\x1d\x7d\xbe\xfc\x0f\x22\
\xe2\x86\xcc\x3c\x6d\xa2\x6f\x14\x11\x1f\x05\xde\x35\x09\x35\x8d\
\xd7\x39\xc0\x8e\x99\x79\x77\x85\x6b\x4b\x7d\xd3\x04\xdc\x9f\x02\
\x3f\x6d\x46\xdb\x5e\xc8\x8c\xd1\x81\xf5\x7a\x75\xdd\x5e\xae\x02\
\xd8\x1b\x58\x3e\x33\x5f\x97\x99\x87\xdb\xf9\xab\x8b\x32\x73\x3a\
\xb0\x17\xf0\xfd\x3e\x5f\x7a\x61\xca\xe9\x81\x2b\x4f\xe4\x4d\x22\
\x62\x07\xea\x6c\x3b\x7c\x16\xe5\x50\x1f\x3b\x7f\x75\x4a\x66\x3e\
\x96\x99\xa7\x67\xe6\x87\x33\x73\x7d\x60\x6d\xe0\xba\x5e\x5c\xab\
\x97\x01\xe0\x92\x5e\xce\x46\x96\x06\x45\xb3\x3f\xfd\xbb\x29\x13\
\xf4\xfa\xe9\xa9\x4c\xe0\x08\xe1\x88\x78\x1a\x65\x8f\xff\x7e\x2f\
\x17\x3e\x93\x32\xec\x7f\x4f\x9f\xaf\x2b\xb5\x4e\x66\x5e\x0d\x4c\
\xed\xc5\x7b\x0f\xc2\x3e\x00\xd2\xc0\x6b\x42\xc0\x7f\x00\x3f\xec\
\xf3\xa5\x5f\x04\x7c\x69\xbc\x7f\x28\x22\x16\x06\x7e\x0e\x2c\x37\
\xe9\x15\xcd\xdd\xd9\x94\x61\xff\x7b\xfb\x7c\x5d\xa9\x73\x0c\x00\
\x52\x9f\x34\x21\x60\x2f\xca\xb1\xb9\xfd\xb4\x6f\x44\xec\x3a\xce\
\x3f\x73\x08\xb0\x49\x2f\x8a\x99\x8b\xcb\x80\x97\x65\xe6\x7d\x7d\
\xbe\xae\xd4\x49\x06\x00\xa9\x8f\x9a\xe5\xae\xaf\xa3\xff\x07\x08\
\xfd\x6f\x44\xac\x3b\x96\xdf\xd8\xec\x63\xf0\xee\x1e\xd7\x33\xb3\
\x7f\x52\xee\xfc\x9d\x2b\x24\xf5\x89\x01\x40\xea\xb3\xcc\xbc\x1f\
\x78\x19\x70\xe5\xbc\x7e\xef\x24\x5a\x8a\xb2\x53\xe0\xe2\x73\xfb\
\x4d\x11\xb1\x11\xf0\x9d\xfe\x94\xf4\xb8\xbb\x80\x9d\x32\x73\xa0\
\xf6\x51\x97\x06\x9d\x01\x40\xaa\xa0\xd9\xd1\x6e\x47\xe0\x96\x3e\
\x5e\x76\x43\xe6\xd2\xb9\x47\xc4\xd2\xc0\x2f\x80\xc5\xfa\x56\x11\
\x3c\x08\xec\x92\x99\x97\xf6\xf1\x9a\x92\x30\x00\x48\xd5\x64\xe6\
\xb5\xc0\x4b\x81\x7e\x4e\x78\xdb\x23\x22\x66\x19\xde\x8f\x72\xc8\
\xc6\x61\xf4\x77\x7b\xd2\x69\xc0\xeb\x3c\xd2\x57\xaa\xc3\x00\x20\
\x55\x94\x99\xe7\x03\xbb\x02\xfd\x5c\x32\x7b\x70\x44\x3c\x7f\xa6\
\x9f\xfb\x28\xf0\x8a\x3e\xd6\x00\xf0\xae\xcc\xfc\x4d\x9f\xaf\x29\
\xa9\x61\x00\x90\x2a\xcb\xcc\x93\x81\xb7\x03\xd9\xa7\x4b\x2e\x42\
\x99\x0f\xb0\x2c\x40\x44\xbc\x04\x98\xd4\xb3\x03\xc6\xe0\xa3\x99\
\xf9\x7f\x7d\xbe\xa6\xa4\x51\x0c\x00\x52\x0b\x64\xe6\x4f\x80\xfd\
\xfa\x78\xc9\xd5\x81\xc3\x23\x62\x35\xca\x16\xa4\xfd\x3c\x88\xe4\
\xa0\xcc\x1c\xf7\xde\x04\x92\x26\x97\x01\x40\x6a\x89\xcc\x3c\x10\
\x38\xa8\x8f\x97\xdc\x99\x72\xd2\xde\x0a\x7d\xbc\xe6\x11\xc0\xbe\
\x7d\xbc\x9e\xa4\x39\x30\x00\x48\xed\xb2\x2f\xe5\xc4\xcc\x7e\xe9\
\xe7\x4e\x7f\xa7\x01\x6f\x6b\x36\x44\x92\x54\x99\x01\x40\x6a\x91\
\xa6\x73\xdc\x03\xb8\xbc\x76\x2d\x93\xec\x7a\x60\x37\xcf\x07\x91\
\xda\xc3\x00\x20\xb5\x4c\x73\x08\xce\xab\x28\xc7\x69\x0f\x83\x07\
\x80\x57\x65\xe6\x6d\xb5\x0b\x91\x34\x83\x01\x40\x6a\xa1\xcc\xbc\
\x8c\x32\x12\x30\x0c\xc3\xe5\xef\xc8\xcc\x0b\x6a\x17\x21\xe9\x89\
\x0c\x00\x52\x4b\x65\xe6\xb1\xc0\x67\x6b\xd7\x31\x41\x07\x64\xe6\
\xcf\x6a\x17\x21\x69\x56\x06\x00\xa9\xdd\x3e\x03\x1c\x57\xbb\x88\
\xf9\x74\x3c\xf0\xf1\xda\x45\x48\x9a\x3d\x03\x80\xd4\x62\xcd\xa4\
\xc0\xdd\x19\xbc\x49\x81\x57\x00\x6f\xcc\xcc\xe9\xb5\x0b\x91\x34\
\x7b\x06\x00\xa9\xe5\x46\x4d\x0a\xec\xe7\x99\x01\x13\x71\x0f\xf0\
\xca\xcc\x9c\x5a\xbb\x10\x49\x73\x66\x00\x90\x06\xc0\x00\x4d\x0a\
\x9c\x0e\xbc\xb9\xa9\x57\x52\x8b\x19\x00\xa4\x01\x91\x99\xbf\xa6\
\xff\x7b\xf6\x8f\xd7\x27\x3c\xe0\x47\x1a\x0c\x06\x00\x69\xb0\x7c\
\x1a\xf8\x5d\xed\x22\xe6\xe0\x98\xcc\xfc\x42\xed\x22\x24\x8d\x8d\
\x01\x40\x1a\x20\xcd\xa4\xc0\xb7\x01\xb7\x54\x2e\x65\x66\x37\x00\
\xef\xac\x5d\x84\xa4\xb1\x33\x00\x48\x03\xa6\xd9\x51\xef\xed\xb5\
\xeb\x18\x65\x3a\xb0\x47\x66\xde\x5d\xbb\x10\x49\x63\x67\x00\x90\
\x06\x50\x66\x1e\x0f\x7c\xbd\x76\x1d\x8d\x2f\x66\xe6\xe9\xb5\x8b\
\x90\x34\x3e\x06\x00\x69\x70\xed\x07\x5c\x5a\xb9\x86\x73\x28\xf3\
\x12\x24\x0d\x18\x03\x80\x34\xa0\x32\xf3\x21\xe0\x4d\xc0\xc3\x95\
\x4a\xb8\x0f\x78\x53\x66\x4e\xab\x74\x7d\x49\x13\x60\x00\x90\x06\
\x58\x66\x5e\x04\xec\x5f\xe9\xf2\xef\xcd\xcc\xab\x2b\x5d\x5b\xd2\
\x04\x19\x00\xa4\xc1\x77\x10\x70\x72\x9f\xaf\x79\x54\x66\xfe\xa8\
\xcf\xd7\x94\x34\x89\x0c\x00\xd2\x80\x1b\xb5\x34\xf0\x8e\x3e\x5d\
\xf2\x06\xe0\xdd\x7d\xba\x96\xa4\x1e\x31\x00\x48\x43\x20\x33\x6f\
\x02\xf6\xea\xc3\xa5\x5c\xf2\x27\x0d\x09\x03\x80\x34\x24\x32\xf3\
\x97\xc0\x0f\x7a\x7c\x19\x97\xfc\x49\x43\xc2\x00\x20\x0d\x97\xf7\
\x03\x77\xf5\xe8\xbd\xaf\xc1\x25\x7f\xd2\xd0\x30\x00\x48\x43\x24\
\x33\xef\xa7\x1c\xc7\xdb\x0b\xb7\xb9\xe4\x4f\x1a\x1e\x06\x00\x49\
\x92\x3a\xc8\x00\x20\x49\x52\x07\x19\x00\x24\x49\xea\x20\x03\x80\
\x24\x49\x1d\x64\x00\x90\x24\xa9\x83\x0c\x00\x92\x24\x75\x90\x01\
\x40\x92\xa4\x0e\x32\x00\x48\x92\xd4\x41\x06\x00\x49\x92\x3a\xc8\
\x00\x20\x49\x52\x07\x19\x00\x24\x49\xea\x20\x03\x80\x24\x49\x1d\
\x64\x00\x90\x24\xa9\x83\x0c\x00\x92\x24\x75\x90\x01\x40\x92\xa4\
\x0e\x32\x00\x48\x92\xd4\x41\x06\x00\x49\x92\x3a\xc8\x00\x20\x49\
\x52\x07\x19\x00\x24\x49\xea\x20\x03\x80\x24\x49\x1d\x64\x00\x90\
\x24\xa9\x83\x0c\x00\x92\x24\x75\x90\x01\x40\x92\xa4\x0e\x32\x00\
\x48\x92\xd4\x41\x06\x00\x49\x92\x3a\xc8\x00\x20\x49\x52\x07\x19\
\x00\x24\x49\xea\x20\x03\x80\x24\x49\x1d\x64\x00\x90\x24\xa9\x83\
\x0c\x00\x92\x24\x75\x90\x01\x40\x92\xa4\x0e\x32\x00\x48\x92\xd4\
\x41\x06\x00\x49\x92\x3a\xc8\x00\x20\x49\x52\x07\x19\x00\x24\x49\
\xea\x20\x03\x80\x24\x49\x1d\x64\x00\x90\x24\xa9\x83\x0c\x00\x92\
\x24\x75\x90\x01\x40\x92\xa4\x0e\x32\x00\x48\x92\xd4\x41\x06\x00\
\x49\x92\x3a\xc8\x00\x20\x49\x52\x07\x19\x00\x24\x49\xea\x20\x03\
\x80\x24\x49\x1d\x64\x00\x90\x24\xa9\x83\x0c\x00\x92\x24\x75\x90\
\x01\x40\x92\xa4\x0e\x32\x00\x48\x92\xd4\x41\x06\x00\x49\x92\x3a\
\xc8\x00\x20\x49\x52\x07\x19\x00\x24\x49\xea\x20\x03\x80\x24\x49\
\x1d\x64\x00\x90\x24\xa9\x83\x0c\x00\x92\x24\x75\x90\x01\x40\x92\
\xa4\x0e\x32\x00\x48\x92\xd4\x41\x06\x00\x49\x92\x3a\xc8\x00\x20\
\x49\x52\x07\x19\x00\x24\x49\xea\x20\x03\x80\x24\x49\x1d\x64\x00\
\x90\x24\xa9\x83\x0c\x00\x92\x24\x75\x90\x01\x40\x92\xa4\x0e\x32\
\x00\x48\x92\xd4\x41\x06\x00\x49\x92\x3a\xc8\x00\x20\x49\x52\x07\
\x19\x00\x24\x49\xea\x20\x03\x80\x24\x49\x1d\x64\x00\x90\x24\xa9\
\x83\x0c\x00\x92\x24\x75\x90\x01\x40\x92\xa4\x0e\x32\x00\x48\x92\
\xd4\x41\x06\x00\x49\x92\x3a\xc8\x00\x20\x49\x52\x07\x19\x00\x24\
\x49\xea\x20\x03\x80\x24\x49\x1d\x64\x00\x90\x24\xa9\x83\x0c\x00\
\x92\x24\x75\x90\x01\x40\x92\xa4\x0e\x32\x00\x48\x92\xd4\x41\x06\
\x00\x49\x92\x3a\xc8\x00\x20\x49\x52\x07\x19\x00\x24\x49\xea\x20\
\x03\x80\x24\x49\x1d\x64\x00\x90\x24\xa9\x83\x0c\x00\x92\x24\x75\
\x90\x01\x40\x92\xa4\x0e\x32\x00\x48\x92\xd4\x41\x06\x00\x49\x92\
\x3a\xc8\x00\x20\x49\x52\x07\x19\x00\x24\x49\xea\x20\x03\x80\x24\
\x49\x1d\x64\x00\x90\x24\xa9\x83\x0c\x00\x92\x24\x75\x90\x01\x40\
\x92\xa4\x0e\x32\x00\x48\x92\xd4\x41\x06\x00\x49\x92\x3a\xc8\x00\
\x20\x49\x52\x07\x19\x00\x24\x49\xea\x20\x03\x80\x24\x49\x1d\x64\
\x00\x90\x24\xa9\x83\x0c\x00\x92\x24\x75\x90\x01\x40\x92\xa4\x0e\
\x32\x00\x48\x92\xd4\x41\x06\x00\x49\x92\x3a\xc8\x00\x20\x49\x52\
\x07\x19\x00\x24\x49\xea\x20\x03\x80\x24\x49\x1d\x64\x00\x90\x24\
\xa9\x83\x0c\x00\x92\x24\x75\x90\x01\x40\x92\xa4\x0e\x32\x00\x48\
\x92\xd4\x41\x06\x00\x49\x92\x3a\xc8\x00\x20\x49\x52\x07\x19\x00\
\x24\x49\xea\x20\x03\x80\x24\x49\x1d\x64\x00\x90\x24\xa9\x83\x0c\
\x00\x92\x24\x75\x90\x01\x40\x92\xa4\x0e\x32\x00\x48\x92\xd4\x41\
\x06\x00\x49\x92\x3a\xc8\x00\x20\x49\x52\x07\x19\x00\x24\x49\xea\
\x20\x03\x80\x24\x49\x1d\x64\x00\x90\x24\xa9\x83\x0c\x00\x92\x24\
\x75\x90\x01\x40\x92\xa4\x0e\x32\x00\x48\x92\xd4\x41\x06\x00\x49\
\x92\x3a\xc8\x00\x20\x49\x52\x07\x19\x00\x24\x49\xea\x20\x03\x80\
\x24\x49\x1d\x64\x00\x90\x24\xa9\x83\x0c\x00\x92\x24\x75\x90\x01\
\x40\x92\xa4\x0e\x32\x00\x48\x92\xd4\x41\x06\x00\x49\x92\x3a\xc8\
\x00\x20\x49\x52\x07\x19\x00\x24\x49\xea\x20\x03\x80\x24\x49\x1d\
\x64\x00\x90\x24\xa9\x83\x0c\x00\x92\x24\x75\x90\x01\x40\x92\xa4\
\x0e\x32\x00\x48\x92\xd4\x41\x06\x00\x49\x92\x3a\xc8\x00\x20\x49\
\x52\x07\x19\x00\x24\x49\xea\x20\x03\x80\x24\x49\x1d\x64\x00\x90\
\x24\xa9\x83\x0c\x00\x92\x24\x75\x90\x01\x40\x92\xa4\x0e\x32\x00\
\x48\x92\xd4\x41\x06\x00\x49\x92\x3a\xc8\x00\x20\x49\x52\x07\x19\
\x00\x24\x49\xea\x20\x03\x80\x24\x49\x1d\x64\x00\x90\x24\xa9\x83\
\x0c\x00\x92\x24\x75\x90\x01\x40\x92\xa4\x0e\x32\x00\x48\x92\xd4\
\x41\x06\x00\x49\x92\x3a\xc8\x00\x20\x49\x52\x07\x19\x00\x24\x49\
\xea\x20\x03\x80\x24\x49\x1d\x64\x00\x90\x24\xa9\x83\x0c\x00\x92\
\x24\x75\x90\x01\x40\x92\xa4\x0e\x32\x00\x48\x92\xd4\x41\x06\x00\
\x49\x92\x3a\xc8\x00\x20\x49\x52\x07\x19\x00\x24\x49\xea\x20\x03\
\x80\x24\x49\x1d\x64\x00\x90\x24\xa9\x83\x16\xac\x5d\x40\xdb\x44\
\xc4\x6e\xc0\x6d\xa3\xda\x1d\x99\xf9\x58\xdd\xaa\x24\x49\x9a\x5c\
\x06\x80\x59\x1d\x35\xd3\x8f\xa7\x47\xc4\x9d\x3c\x31\x14\x8c\x6e\
\xb7\x02\x37\x02\xd7\x64\xe6\xcd\xfd\x2c\x54\x92\x34\x7b\x11\x11\
\xc0\x93\x81\x15\x80\xa7\x34\xaf\x2b\x00\xeb\xd5\xac\xab\x4d\x0c\
\x00\xf3\x36\x05\x58\xbe\x69\xeb\xcf\xed\x37\x46\xc4\x03\xc0\xb5\
\xc0\x35\xa3\xda\xc8\x8f\xaf\xcd\xcc\x07\x7a\x5b\xaa\x24\x0d\xb7\
\x88\x58\x18\x58\x03\x58\xab\x79\x1d\xdd\xb9\x8f\x6e\xcb\x63\x1f\
\x37\x57\xfe\xe3\x4c\xae\xc5\x81\x67\x35\x6d\x16\x11\x71\x33\x25\
\x0c\x5c\x0d\x5c\x04\x5c\x08\x5c\x90\x99\xb7\xf5\xad\x42\x49\x6a\
\xb9\x88\x78\x2a\xa5\x83\x5f\x0b\x58\x73\xd4\xc7\x6b\x01\xab\xe0\
\xfc\xb5\x49\x61\x00\xe8\xaf\x15\x9b\xb6\xc5\xe8\x9f\x8c\x88\x9b\
\x68\xc2\x40\xd3\x2e\x04\xae\xcc\xcc\xe9\x7d\xaf\x50\x92\xfa\x24\
\x22\x9e\x06\x3c\x67\x54\x5b\x87\xd2\xe1\x2f\x51\xb3\xae\xae\x30\
\x00\xb4\xc3\xca\x4d\x7b\xe9\xa8\x9f\x7b\x20\x22\x2e\x66\x46\x28\
\x38\x17\x38\xdf\x09\x89\x92\x06\x4d\x44\x2c\x48\x79\x84\xfa\x1c\
\xe0\xb9\xcd\xeb\xb3\x81\x65\x6b\xd6\xd5\x75\x06\x80\xf6\x5a\x1c\
\xd8\xac\x69\x23\xee\x8d\x88\x33\x81\xd3\x81\x33\x80\x73\x32\xf3\
\xe1\x1a\xc5\x49\xd2\xec\x44\xc4\x02\xc0\xf3\x80\xcd\x99\x71\x67\
\xff\x2c\x60\x91\x9a\x75\x69\x56\x06\x80\xc1\xf2\x24\x60\xc7\xa6\
\x01\x3c\x14\x11\xe7\x50\x02\xc1\xe9\xc0\x99\x99\x79\x7f\xad\xe2\
\x24\x75\x4f\x44\x2c\x02\x6c\x0a\x6c\xd9\xb4\x2d\x80\x25\xab\x16\
\xa5\x31\x31\x00\x0c\xb6\x45\x99\xf1\x45\x07\x30\x2d\x22\xce\xa3\
\x84\x81\xd3\x80\x3f\x18\x08\x24\x4d\xa6\x88\x58\x12\x78\x01\x33\
\xbe\xf7\x6c\x86\x77\xf7\x03\xc9\x00\x30\x5c\x16\xa4\x24\xf1\x4d\
\x81\x0f\x01\x0f\x47\xc4\x1f\x80\xdf\x00\xbf\xc9\xcc\xeb\x6b\x16\
\x27\x69\xf0\x44\xc4\x62\xc0\xb6\xc0\x36\x94\x0e\xff\xb9\xd8\x77\
\x0c\x05\x3f\x89\xc3\x6d\x11\x60\xa7\xa6\x7d\x23\x22\x2e\xa1\x09\
\x03\xc0\x59\x4e\x28\x94\x34\x3b\x11\xb1\x1a\xf0\x32\x60\x17\x4a\
\xe7\xbf\x58\xdd\x8a\xd4\x0b\x06\x80\x6e\xd9\xa0\x69\x1f\x05\xee\
\x88\x88\xe3\x29\x61\xe0\xc4\xcc\xbc\xbb\x6a\x65\x92\xaa\x89\x88\
\x29\x94\xa1\xfc\x5d\x9a\xb6\x51\xdd\x8a\xd4\x0f\x83\x18\x00\x1e\
\xa9\x5d\xc0\x90\x58\x0e\xd8\xbd\x69\xd3\x22\xe2\x4f\x94\x6d\x90\
\x8f\xca\xcc\x3b\xaa\x56\x26\xa9\xe7\x22\x62\x69\xca\x84\xe2\x5d\
\x28\x4b\x90\x97\xaf\x5b\xd1\xc0\x1b\xb8\xbe\x69\x10\x03\xc0\x25\
\xb5\x0b\x18\x42\x0b\x02\x5b\x37\xed\xe0\x88\x38\x11\xf8\x09\x70\
\xac\xdb\x17\x4b\xc3\x23\x22\x96\x01\x5e\x0b\xbc\x81\xf2\x3c\x7f\
\x10\xfb\x80\xb6\x1a\xb8\xbe\x69\x10\x3f\xf9\x57\x02\xf7\x00\x4b\
\xd5\x2e\x64\x48\x2d\xc4\x8c\x61\xc0\xfb\x22\xe2\x97\xc0\x11\xc0\
\xc9\xce\x19\x90\x06\x4f\x33\x89\x6f\x17\xe0\xcd\x94\x3b\xfd\x85\
\xeb\x56\x93\x3b\xca\xe6\x00\x00\x1a\xb2\x49\x44\x41\x54\x34\xb4\
\xce\xad\x5d\xc0\x78\x0d\xdc\x7e\xca\x99\x99\xc0\xdf\x6a\xd7\xd1\
\x11\x4b\x02\x7b\x00\xc7\x03\x37\x45\xc4\x21\x11\xb1\xd9\x3c\xfe\
\x8c\xa4\xca\x22\x62\x81\x88\xd8\x3e\x22\x7e\x08\xdc\x42\x79\xbc\
\xf7\x4a\xec\xfc\x7b\xe5\xae\xcc\xbc\xa6\x76\x11\xe3\x35\x70\x01\
\xa0\x31\x70\x49\x6b\x08\x3c\x05\xd8\x1b\x38\x2b\x22\xae\x8c\x88\
\xcf\x44\xc4\xea\xb5\x8b\x92\x34\x43\x44\x6c\x12\x11\x07\x01\xff\
\x04\x4e\x02\xde\x4a\xd9\x40\x4c\xbd\x35\x90\x7d\xd2\xa0\x06\x80\
\x83\x01\x67\xad\xd7\xb3\x36\xf0\x49\xe0\x9a\x88\x38\x36\x22\x5e\
\xda\x9c\xbd\x2d\xa9\xcf\x22\x62\xd5\x88\xf8\x54\x44\x5c\x01\x9c\
\x03\xec\x43\x39\x74\x4c\xfd\x31\x1d\xf8\x5c\xed\x22\xe6\xc7\x40\
\x06\x80\xcc\xfc\x17\xf0\xfe\xda\x75\x88\x29\xc0\xcb\x81\xdf\x01\
\x57\x45\xc4\x7e\x11\xe1\x4c\x62\xa9\xc7\xa2\xd8\x3e\x22\x7e\x01\
\x5c\x07\x7c\x9a\x72\x92\x9e\xfa\xef\x90\xcc\x3c\xa3\x76\x11\xf3\
\x63\x20\x03\x00\x40\x66\xfe\x08\x38\xb6\x76\x1d\x7a\xdc\x5a\xc0\
\x97\x80\x7f\x46\xc4\x61\x11\xf1\x82\xda\x05\x49\xc3\x26\x22\x96\
\x89\x88\x7d\x81\xcb\x29\x43\xfc\xaf\x06\x16\xa8\x5b\x55\xa7\x5d\
\x0e\x7c\xac\x76\x11\xf3\x6b\x60\x03\x40\xe3\x5d\x38\x21\xb0\x6d\
\x16\xa1\x4c\x1c\x3c\x33\x22\xce\x8f\x88\x77\x45\x84\x67\x7b\x4b\
\x13\xd0\x3c\xdb\xff\x3f\xe0\x5f\xc0\x57\xf0\x6e\xbf\x0d\x6e\x04\
\xde\x98\x99\x0f\xd6\x2e\x64\x7e\x0d\x74\x00\xc8\xcc\x5b\x28\x47\
\x4e\x7e\x0a\x78\xb4\x72\x39\x9a\xd5\x73\x80\xef\x52\x56\x10\x1c\
\xec\xa4\x41\x69\xec\x22\x62\xb1\x88\xd8\x33\x22\xce\xa5\x3c\xdb\
\x7f\x1b\x6e\xc9\xdb\x16\xff\x07\x6c\x98\x99\xe7\xd7\x2e\x64\x22\
\x06\x3a\x00\x00\x64\xe6\xb4\xcc\xfc\x2c\xe5\x00\x9c\x73\x80\xac\
\x5c\x92\x66\xb5\x14\xf0\x3e\xca\x3c\x81\x1f\x46\xc4\x7a\xb5\x0b\
\x92\xda\x2a\x22\x56\x8e\x88\x03\x81\x9b\x80\x43\x81\x8d\x2b\x97\
\xa4\x19\xae\x02\x76\xc9\xcc\x3d\x33\x73\x6a\xed\x62\x26\x6a\x10\
\x37\x02\x9a\xad\xcc\xbc\x00\xd8\xac\xd9\xde\x72\x63\x4a\x20\x78\
\x3e\xb0\x06\xb0\x1e\x65\x68\x7a\x68\xfe\xbe\x03\x6a\x41\xca\xb2\
\xa4\x3d\x9a\x0d\x86\xbe\x98\x99\x3e\xc2\x91\x80\x88\x58\x1b\xd8\
\x8f\xf2\x35\xe2\x7a\xfd\xde\x7a\x04\x78\xb8\x69\x8f\xcc\xf4\x3a\
\xfa\xe3\xbb\x81\xf3\x29\xcb\xfc\xfe\x96\x99\xb7\x55\xa9\xb6\x47\
\x86\xae\x43\x6c\x52\xd9\xa9\x4d\x7b\x82\xe6\xc0\x8b\x85\x29\x61\
\x60\xe4\x75\xf4\xc7\x8b\x02\x4f\x06\x96\xa5\xec\x95\xbf\xdc\xa8\
\x8f\x67\xfe\xb9\xa5\x01\x97\xbe\xcd\x9f\x29\xc0\xae\xc0\xae\x11\
\x71\x12\xf0\x85\xcc\x3c\xad\x72\x4d\x52\x15\x11\xf1\x6c\xca\x01\
\x5d\xbb\xe1\x84\xbe\xf9\xf1\x28\xe5\x79\xfc\xad\xc0\xed\x63\x68\
\x77\x65\xe6\xf4\x3a\xa5\xb6\xcb\xd0\x05\x80\xb9\x69\x3e\xe9\x0f\
\x35\x6d\x42\x22\x62\x61\xe0\x69\x94\x11\x86\xd1\x6d\xcd\xe6\x75\
\x25\x0c\x08\x63\xb1\x03\xb0\x43\x44\xfc\x05\xf8\x02\xf0\xdb\x66\
\xb7\x47\x69\xa8\x45\xc4\x0b\x81\xfd\x29\xc7\xee\x6a\xce\x1e\x04\
\x6e\xa0\x2c\x77\xbc\xbe\x69\xd7\x8d\x7a\xfd\xb7\x1d\xfa\xfc\xe9\
\x54\x00\x98\x4c\x99\xf9\x08\xe5\x79\xd0\x55\xb3\xfb\xf5\x88\x58\
\x84\x19\x01\x61\x5d\x66\x1c\xc5\xfb\x2c\x60\x99\xfe\x54\x39\x50\
\x5e\x00\x1c\x07\x5c\x14\x11\x07\x00\x47\xfa\x45\xad\x61\x14\x11\
\x3b\x51\x96\x8e\xbd\xb8\x76\x2d\x2d\x73\x0f\xe5\x40\x9d\x8b\x80\
\x8b\x9b\x76\x45\x33\xd9\x5b\x3d\x60\x00\xe8\x91\xcc\x7c\x98\x72\
\x70\xd1\x95\xc0\xc9\xa3\x7f\x2d\x22\x56\x66\x46\x20\x18\x69\xcf\
\x04\x5c\x2e\x57\xce\x21\x3f\x02\xf8\x78\x44\xec\x9f\x99\xc7\xd5\
\x2e\x48\x9a\xa8\x66\xa7\xcc\xd7\x52\xee\xf8\x9f\x5b\xb9\x9c\xda\
\xa6\x01\x57\xf0\xc4\x8e\xfe\xa2\xcc\xbc\xbe\x6a\x55\x1d\x64\x00\
\xa8\x20\x33\x6f\xa2\xcc\xf0\x3d\x69\xe4\xe7\x9a\x6f\x10\x6b\x01\
\x9b\x01\x5b\x34\x6d\x23\xba\xfb\x4c\xf0\x59\xc0\xb1\x11\xf1\x27\
\xe0\x23\x99\x79\x66\xed\x82\xa4\xf9\xd1\xdc\xf1\x7f\x91\xb2\x2c\
\xb6\x8b\x6e\x02\xfe\x32\xaa\xfd\xad\xb9\x41\x52\x65\x06\x80\x96\
\x68\x9e\x7b\x5f\xdd\xb4\x23\x00\x22\x62\x49\x9e\x18\x08\x36\xa7\
\x4c\x52\xec\x92\x17\x01\x7f\x8e\x88\x5f\x03\xfb\x67\xe6\x3f\x6a\
\x17\x24\x8d\x45\x44\x6c\x0a\x1c\x00\x6c\x53\xbb\x96\x3e\x7a\x94\
\x32\x6b\xfe\xf1\x0e\x3f\x33\x6f\xa8\x5b\x92\xe6\xc4\x00\xd0\x62\
\x99\x79\x1f\xf0\xfb\xa6\x8d\x8c\x12\x3c\x93\x12\x06\xb6\x02\xb6\
\xa7\x9c\xd2\xd7\x05\xaf\x04\x76\x69\x8e\x37\xfd\x74\x66\xfe\xb3\
\x72\x3d\xd2\x6c\x45\xc4\x33\x80\xcf\x53\x56\xba\x0c\xbb\x69\x94\
\x8e\xfe\x04\xe0\x74\xe0\xdc\xcc\x9c\xf0\x24\x6b\xf5\x87\x01\x60\
\x80\x34\xa3\x04\x97\x36\xed\xfb\x4d\x20\x78\x2e\xb0\x63\xd3\xb6\
\x00\x16\xaa\x57\x61\xcf\x2d\x00\xbc\x03\x78\x73\x44\x1c\x02\x1c\
\x90\x99\x77\x55\xae\x49\x02\x1e\x9f\xdb\xf3\x29\x60\x4f\x86\xfb\
\x7b\xeb\x75\xc0\x89\x94\x4e\xff\xd4\xcc\xbc\xa7\x6e\x39\x9a\x5f\
\xc3\xfc\x9f\x74\xe8\x35\x81\xe0\xbc\xa6\x7d\xb1\x79\x64\xb0\x0d\
\x33\x02\xc1\xda\x15\xcb\xeb\xa5\x45\x29\x1b\xa6\xec\xd5\xac\x18\
\x38\xc4\xbb\x0e\xd5\x12\x11\x4f\x06\x3e\x42\x39\x86\x77\x18\xb7\
\xea\x7d\x00\xf8\x23\x4d\xa7\x9f\x99\x57\xd4\x2d\x47\x93\xc5\x00\
\x30\x44\x9a\x47\x06\xc7\x35\x8d\x88\x58\x0b\x78\x29\x65\x28\x72\
\x4b\x86\x6f\x42\xe1\x32\x94\x13\x08\xdf\x1d\x11\x7b\x67\xe6\xef\
\x6a\x17\xa4\xee\x68\x96\xfa\xee\x4d\x99\xd9\xbf\x6c\xe5\x72\x26\
\xdb\xed\xc0\x2f\x81\x9f\x03\xa7\x39\x69\x6f\x38\x0d\xfc\x59\x00\
\x9a\xb3\xcc\xbc\x26\x33\xbf\x99\x99\xdb\x02\x2b\x03\xef\x01\x4e\
\xa1\x3c\xb7\x1b\x26\x6b\x01\xbf\x8d\x88\x5f\x46\xc4\xd3\x6a\x17\
\xa3\xe1\x17\x11\x3b\x52\x96\xaf\x7d\x99\xe1\xe9\xfc\x6f\x03\xbe\
\x47\x99\x5b\xb4\x62\x66\xbe\x2b\x33\x4f\xb2\xf3\x1f\x5e\x06\x80\
\x8e\xc8\xcc\x5b\x33\xf3\xbb\x99\xb9\x3d\x65\x97\xc2\xbd\x28\x43\
\x7a\xc3\x74\x8a\xe2\xab\x80\x7f\x44\xc4\x47\x9b\x9d\x1a\xa5\x49\
\x15\x11\xab\x46\xc4\xd1\x94\xe7\xdf\xc3\x70\x24\xef\x6d\x94\x13\
\x3b\xb7\x03\x56\xca\xcc\x77\x67\xe6\x29\x99\xf9\x58\xe5\xba\xd4\
\x07\x06\x80\x0e\xca\xcc\xdb\x33\xf3\x07\x99\xb9\x13\xf0\x54\xca\
\xa4\xa5\xe3\x81\x61\xf8\xa2\x5f\x9c\xb2\xe6\xfa\xc2\x88\xd8\xb6\
\x76\x31\x1a\x0e\x11\xb1\x50\x44\x7c\x18\xb8\x8c\xb2\xa1\xcf\x20\
\x9b\x4a\xb9\xd3\x7f\x09\xa5\xd3\x7f\x4f\x66\xfe\xde\x4e\xbf\x7b\
\x0c\x00\x1d\x97\x99\x77\x65\xe6\xff\x65\xe6\xce\x94\xad\x8b\x3f\
\x46\xd9\xbd\x70\xd0\xad\x07\xfc\x3e\x22\x7e\x1a\x11\x2b\xd5\x2e\
\x46\x83\x2b\x22\xb6\x02\x2e\x00\xfe\x87\xc1\xdd\xad\x33\x29\x07\
\xa4\xed\xce\x8c\x3b\xfd\x53\xed\xf4\xbb\xcd\x00\xa0\xc7\x65\xe6\
\x4d\x99\xf9\xc5\xcc\x5c\x97\x32\x69\xf0\x47\xc0\xfd\x95\xcb\x9a\
\xa8\x37\x00\x97\x47\xc4\xfb\x23\x62\xd8\x26\x41\xaa\x87\x22\xe2\
\xa9\x11\x71\x38\x65\x06\xfc\x33\x2b\x97\x33\xbf\x6e\x04\x3e\x07\
\x3c\x3d\x33\x5f\x92\x99\x3f\xc9\xcc\x07\x6b\x17\xa5\x76\x30\x00\
\x68\xb6\x32\xf3\x8c\xcc\x7c\x1b\x33\xe6\x0b\xfc\xa5\x6e\x45\x13\
\xf2\x24\xe0\x6b\xc0\x79\x11\xb1\x49\xed\x62\xd4\x6e\x11\xb1\x40\
\x44\xec\x0d\x5c\x4e\xb9\x63\x1e\x34\x8f\x00\x47\x01\x3b\x01\x6b\
\x64\xe6\x27\x33\xf3\xda\xca\x35\xa9\x85\x0c\x00\x9a\xab\xcc\xbc\
\xb7\x99\x2f\xb0\x05\xe5\x2e\xe8\xab\x94\x67\x88\x83\x68\x23\xe0\
\xcc\x88\xf8\x6c\x44\x0c\xf3\x86\x49\x9a\x4f\x11\xf1\x1c\xe0\xaf\
\xc0\x21\xc0\xd2\x95\xcb\x19\xaf\xab\x81\xf7\x03\x2b\x67\xe6\xeb\
\x33\xf3\x44\x4f\xd4\xd4\xdc\x18\x00\x34\x66\x99\xf9\x8f\xcc\xfc\
\x20\xb0\x2a\xf0\x3e\xca\x37\x9c\x41\xb3\x20\xf0\x09\xe0\xec\x88\
\xd8\xa0\x76\x31\x6a\x87\x88\x58\x30\x22\x3e\x09\x9c\xc3\xe0\x9d\
\xd6\x77\x1a\x65\x05\xcc\xba\x99\x79\x70\x66\xde\x51\xbb\x20\x0d\
\x06\x03\x80\xc6\x2d\x33\xef\xcb\xcc\xaf\x03\xeb\x02\xaf\xa6\xec\
\x01\x3e\x68\x9e\x0b\x9c\x1b\x11\xfb\x45\x84\x5f\x07\x1d\x16\x11\
\xcf\x04\xce\x02\x3e\xc3\xe0\x6c\xa5\xfd\x08\x70\x18\xf0\xbc\xcc\
\xdc\x3a\x33\x7f\xed\xdd\xbe\xc6\xcb\x6f\x7c\x9a\x6f\x99\x39\x3d\
\x33\x7f\x95\x99\x5b\x01\xcf\x07\x7e\xc2\x60\xed\x2b\xb0\x08\x65\
\x27\xc1\x33\x22\x62\x58\xb7\x4d\xd6\x1c\x44\xc4\x94\x66\x69\xdf\
\x79\xc0\xc6\xb5\xeb\x19\xa3\xdb\x81\xff\x06\x56\xcf\xcc\xb7\x66\
\xe6\xf9\xb5\x0b\xd2\xe0\x32\x00\x68\x52\x64\xe6\xdf\x32\x73\x77\
\x60\x0d\xca\x3a\xfc\x41\x3a\xa4\x67\x0b\xca\xbe\x01\xff\xaf\x39\
\x60\x49\x43\x2e\x22\xd6\x01\xce\xa0\x2c\xed\x5b\xa4\x72\x39\x63\
\xf1\x0f\xe0\x5d\xc0\x6a\x99\xf9\x89\xcc\xbc\xb9\x76\x41\x1a\x7c\
\x06\x00\x4d\xaa\x66\x29\xe1\xc7\x28\x41\xe0\x13\xc0\x9d\x75\x2b\
\x1a\xb3\xc5\x81\x6f\x00\x27\x45\xc4\x6a\xb5\x8b\x51\x6f\x44\xb1\
\x37\x65\x5d\xff\x16\xb5\xeb\x19\x83\xcb\x80\x37\x02\x1b\x64\xe6\
\xf7\x3d\xf4\x4a\x93\xc9\x00\xa0\x9e\xc8\xcc\x7b\x32\xf3\xbf\x81\
\x35\x19\xac\x20\xb0\x1d\x70\x71\x44\xec\x51\xbb\x10\x4d\xae\x88\
\x58\x1d\xf8\x3d\x65\x86\xff\xe2\x95\xcb\x99\x97\xcb\x81\x37\x03\
\xcf\xca\xcc\x9f\xf9\x7c\x5f\xbd\x60\x00\x50\x4f\x0d\x68\x10\x58\
\x1a\x38\x2c\x22\x0e\x8d\x88\x61\x3c\xde\xb5\x73\x22\xe2\xed\x94\
\xc3\x7b\xb6\xa9\x5d\xcb\x3c\x5c\x01\xec\x41\xe9\xf8\x8f\xb0\xe3\
\x57\x2f\x19\x00\xd4\x17\x03\x1a\x04\xf6\x04\xce\x8a\x88\x75\x6b\
\x17\xa2\xf9\x13\x11\x8b\x47\xc4\x61\xc0\xff\x52\x36\x84\x6a\xab\
\xab\x80\xb7\x00\xcf\xcc\xcc\x1f\xbb\x45\xaf\xfa\xc1\x00\xa0\xbe\
\x9a\x4d\x10\xb8\xa7\x72\x49\xf3\xb2\x11\x65\xb9\xe0\xeb\x6a\x17\
\xa2\xf1\x89\x88\xf5\x29\x9b\xfa\xb4\xf9\x71\xce\xf5\xc0\xdb\x80\
\xf5\x32\xf3\x70\x3b\x7e\xf5\x93\x01\x40\x55\x8c\x0a\x02\xeb\x50\
\x8e\x23\x6d\xf3\x37\xbe\x27\x01\x47\x46\xc4\x37\x3c\x66\x78\x30\
\x44\xc4\xee\x94\xce\xbf\xad\x7b\xf8\xdf\x0b\xec\x4f\xe9\xf8\x7f\
\x64\xc7\xaf\x1a\x0c\x00\xaa\x2a\x33\x6f\xcd\xcc\xf7\x00\xcf\x06\
\x4e\xac\x5d\xcf\x3c\xfc\x3f\xe0\xcf\x11\xb1\x46\xe5\x3a\x34\x07\
\x11\xb1\x68\x44\x7c\x1f\x38\x9c\x76\x9e\xdc\xf7\x18\x25\xf0\xae\
\x9d\x99\x07\x38\xab\x5f\x35\x19\x00\xd4\x0a\x99\x79\x69\x66\xee\
\x04\xec\x0c\xfc\xbd\x76\x3d\x73\xf1\x7c\xca\xa1\x42\xaf\xa8\x5d\
\x88\x9e\xa8\x59\xdb\x7f\x16\xf0\xce\xda\xb5\xcc\xc1\x89\xc0\xb3\
\x33\xf3\x3d\x99\x79\x6b\xed\x62\x24\x03\x80\x5a\x25\x33\x8f\xa7\
\x3c\x77\xff\x4f\xe0\xb6\xca\xe5\xcc\xc9\x32\xc0\xaf\x22\xe2\x7f\
\x22\x62\xc1\xda\xc5\x08\x9a\x39\x1a\x7f\xa3\x8c\x24\xb5\xcd\xa5\
\xc0\x4e\x99\xb9\x53\x66\x5e\x5a\xbb\x18\x69\x84\x01\x40\xad\x93\
\x99\x8f\x65\xe6\xb7\x29\xf3\x03\xbe\x4c\xd9\xf7\xbc\x6d\x02\xf8\
\x30\x70\x6a\x44\xac\x50\xbb\x98\xae\x8a\x88\x85\x23\xe2\xeb\xc0\
\x91\xb4\x6f\x96\xff\x6d\xc0\x7b\x28\x77\xfd\x6d\x7f\xbc\xa5\x0e\
\x32\x00\xa8\xb5\x32\x73\x6a\x66\xee\x47\xb9\xab\x3b\xa3\x76\x3d\
\x73\xf0\x62\xca\xc9\x82\xcf\xaa\x5d\x48\xd7\x44\xc4\x4a\x94\xff\
\x17\xef\xad\x5d\xcb\x4c\x12\x38\x14\x78\x46\x66\x7e\xd7\x09\x7e\
\x6a\x2b\x03\x80\x5a\x2f\x33\x2f\x03\xb6\x02\xde\x0d\xdc\x5d\xb9\
\x9c\xd9\x59\x13\x38\x33\x22\x76\xaa\x5d\x48\x57\x44\xc4\xf3\x28\
\xb3\xfc\x37\xad\x5d\xcb\x4c\x2e\x07\xb6\xc9\xcc\x77\x66\xe6\x20\
\x9d\x87\xa1\x0e\x32\x00\x68\x20\x64\xf1\x3d\x60\x7d\xe0\xe8\xda\
\xf5\xcc\xc6\x52\xc0\x6f\x22\xe2\x7d\xb5\x0b\x19\x76\x11\xf1\x1a\
\xca\x9d\xff\x2a\xb5\x6b\x19\xe5\x11\xe0\xb3\x94\xe1\xfe\xd3\x6a\
\x17\x23\x8d\x85\x01\x40\x03\x25\x33\x6f\xce\xcc\xd7\x01\x2f\x07\
\x6e\xac\x5d\xcf\x4c\x16\x00\x0e\x8e\x88\x6f\x3b\x39\xb0\x37\x22\
\xe2\x63\xc0\xcf\x69\xd7\x5e\xfe\x7f\x02\x9e\x93\x99\x9f\xca\xcc\
\x87\x6b\x17\x23\x8d\x95\x01\x40\x03\x29\x33\x7f\x43\xd9\xe4\xe5\
\x60\xa0\x6d\xfb\xa5\xbf\x07\x38\x3e\x22\x9e\x5c\xbb\x90\x61\x11\
\x11\x8b\x44\xc4\xe1\xc0\xe7\x29\x13\x30\xdb\xe0\x6e\xca\x63\xa9\
\x2d\x33\xf3\x1f\xb5\x8b\x91\xc6\xcb\x00\xa0\x81\x95\x99\xf7\x65\
\xe6\xfb\x81\xcd\x81\x4b\x6a\xd7\x33\x93\xed\x28\xe7\x08\xac\x5d\
\xbb\x90\x41\x17\x11\x4f\x01\xfe\x00\xec\x5e\xbb\x96\x51\x8e\x01\
\xd6\xcf\xcc\xef\x65\x66\xd6\x2e\x46\x9a\x1f\x06\x00\x0d\xbc\xcc\
\xfc\x2b\x65\x83\x9e\xaf\x52\x66\x60\xb7\xc5\x33\x28\x2b\x04\xb6\
\xae\x5d\xc8\xa0\x8a\x88\x0d\x81\x73\x80\x17\xd4\xae\xa5\x71\x0f\
\xf0\xd6\xcc\x7c\x6d\x66\xde\x5c\xbb\x18\x69\x22\x0c\x00\x1a\x0a\
\x99\xf9\x70\x66\x7e\x90\x72\xe7\xfd\xcf\xda\xf5\x8c\xb2\x2c\x70\
\x52\x44\xbc\xad\x76\x21\x83\x26\x22\x76\x01\xce\x04\x56\xaf\x5d\
\x4b\xe3\x34\x60\xa3\xcc\x3c\xac\x76\x21\xd2\x64\x30\x00\x68\xa8\
\x64\xe6\xa9\xc0\x86\xc0\x4f\x6b\xd7\x32\xca\x42\xc0\xff\x46\xc4\
\x07\x6a\x17\x32\x28\x22\x62\x1f\xe0\xd7\xc0\x92\xb5\x6b\x01\x1e\
\xa6\x6c\xfa\xb4\x6d\x66\x5e\x5f\xbb\x18\x69\xb2\x18\x00\x34\x74\
\x32\xf3\xee\xcc\x7c\x13\xf0\x26\xda\xb3\x6f\x40\x00\x5f\x8d\x88\
\xcf\xd6\x2e\xa4\xed\x9a\x7f\xa3\x83\x68\xc7\xf7\xa7\x8b\x81\x4d\
\x32\xf3\xc0\xcc\x6c\xdb\x64\x53\x69\x42\xda\xf0\x05\x26\xf5\x44\
\x66\xfe\x94\x32\x1a\x70\x6a\xed\x5a\x46\xf9\x44\x44\x1c\x12\x11\
\x6d\x99\xc9\xde\x1a\x51\x7c\x1d\xf8\x44\xed\x5a\x28\x2b\x4b\x0e\
\xa4\x74\xfe\x17\xd7\x2e\x46\xea\x05\x03\x80\x86\x5a\x66\xfe\x93\
\x32\x2f\x60\x5f\xda\x73\xa6\xc0\xde\xc0\x0f\x23\x62\x81\xda\x85\
\xb4\x45\xb3\x6f\xc2\x61\xb4\x63\x5b\xdf\x1b\x29\xc3\xfd\x1f\x76\
\x5d\xbf\x86\x99\x9b\x95\x4c\xb2\x88\x58\x8c\x72\x5a\xdc\x32\x94\
\x09\x60\xb3\xfb\x78\x19\xca\x90\xf0\x34\xca\xf9\xe0\x8f\x4d\xf2\
\xc7\xd3\x80\x3b\x80\x9b\x81\x5b\x80\xdb\xbb\xbc\x54\xa9\xf9\xbb\
\x7f\x2d\x22\xfe\x4c\xd9\x44\x66\xb5\xca\x25\x01\xbc\x05\x58\x2a\
\x22\xde\xd0\xf5\x4e\x26\x22\x16\xa5\x1c\xe6\xd3\x86\x23\x96\x4f\
\x01\xde\x98\x99\xb7\xd7\x2e\xa4\x0d\x22\x62\x11\x60\x45\xe0\xa9\
\xc0\x12\x94\xcd\xae\x7a\xd5\x1e\x00\xee\x9a\x53\xcb\xcc\x47\x7b\
\xfd\xf7\xed\x1a\x03\xc0\x6c\x34\x77\x23\x73\xea\xbc\x67\xf7\xf1\
\xe8\x9f\x5b\xb4\x42\xc9\xf3\x32\x2d\x22\x6e\xa3\x84\x81\x9b\xe7\
\xf0\x3a\xf2\xf1\x9d\xc3\x1a\x16\x32\xf3\x9c\x66\x0f\xf9\x23\x80\
\xed\x6b\xd7\x03\xbc\x8a\xb2\x7d\xf0\xab\x32\xf3\xfe\xda\xc5\xd4\
\x10\x11\x4f\xa2\x4c\xf6\xdb\xa6\x72\x29\x09\x7c\x11\xf8\xc4\xb0\
\x3f\xeb\x8f\x88\x85\x29\x1d\xfa\x48\x5b\x71\x2e\xaf\x4b\x57\x2a\
\x73\x16\x11\x71\x3f\x73\x09\x08\x73\x6b\x99\xd9\x96\xd1\xbf\x56\
\xe9\x74\x00\x88\x88\x55\x80\x75\x9b\xf6\x8c\x51\x1f\xaf\xc9\x70\
\xfd\xdb\x2c\x08\xac\xd4\xb4\x79\x79\x34\x22\x6e\xe5\x89\xa1\x60\
\xe6\xd7\x7f\x03\x57\x67\xe6\xb4\xde\x94\xdb\x3b\x99\x79\x7b\x73\
\x68\xcf\x67\x80\x8f\x53\x7f\x57\xb9\xed\x80\x53\x22\x62\xe7\xae\
\x1d\x1e\x13\x11\xcb\x01\xc7\x03\x9b\x54\x2e\x65\x2a\xf0\x96\xcc\
\x3c\xb6\x72\x1d\xf3\x2d\x22\xa6\x50\x3a\xec\xb9\x75\xe6\x23\xaf\
\xcb\x54\x2a\x73\xa2\x96\x68\xda\xaa\xe3\xfd\x83\x4d\x78\xb8\x01\
\xb8\xa2\x69\x57\x8e\x7c\x9c\x99\xff\x9e\xcc\x22\x07\xc9\x30\x75\
\x72\xb3\x15\x11\x4b\x33\x6b\x07\x3f\xd2\x96\xa8\x58\x5a\x5b\x2d\
\x44\x39\x64\x65\x5e\x07\xad\x3c\x12\x11\x97\x51\x76\xe0\xbb\xb8\
\x69\x97\x0c\xc2\x32\xa9\xe6\x0e\xef\x13\x11\x71\x16\x70\x38\xf5\
\xbf\x21\x6e\x0e\x9c\x16\x11\x3b\x74\x65\x73\x99\x26\x7c\x9f\x44\
\xd9\xce\xb9\xa6\x8b\x80\x5d\x33\xf3\xaa\xca\x75\x8c\x59\x44\xac\
\x4c\x99\xdc\xba\x41\xd3\x36\xa4\xfc\x3b\x2e\x56\xb3\xae\x96\x5b\
\x82\x72\x90\xd8\xfa\x33\xff\x42\x44\xdc\x47\x09\x04\x8f\x87\x82\
\x91\x8f\x33\xf3\xce\x7e\x16\xd9\x6f\x43\x11\x00\x9a\x21\xad\xb5\
\x79\x62\xe7\x3e\xd2\xe1\x3f\xa5\x62\x69\xc3\x6c\x61\x60\xa3\xa6\
\x3d\x2e\x22\xee\x01\x2e\x65\x54\x28\x00\x2e\xce\xcc\x3b\xfa\x5e\
\xe1\x3c\x64\xe6\x6f\x23\x62\x63\xca\xb6\xae\xcf\xad\x5c\xce\x86\
\xc0\xe9\x11\xb1\xd5\xb0\xdf\x91\x44\xc4\xd3\x29\xcf\xda\xd7\xa8\
\x5c\xca\x8f\x81\x77\x67\xe6\x03\x95\xeb\x98\xad\x88\x58\x86\x27\
\x76\xf2\x23\x1f\xd7\x0e\xac\xc3\x66\x49\xca\xd7\xff\x2c\xdf\x03\
\x22\xe2\x0e\x66\x04\x83\x27\x04\x84\x61\x78\x6c\x37\x70\x01\x20\
\x22\xd6\x03\x5e\x48\xe9\x78\x46\x3a\xfb\xd5\x29\x93\x48\x54\xdf\
\x52\x94\x6d\x5b\x9f\xb0\x75\x6b\x44\xdc\xcc\xa8\x40\xd0\xb4\xbf\
\xd7\xfe\xe6\x9b\x99\xd7\x46\xc4\x16\xc0\x37\x81\x3d\x6b\xd6\x02\
\xac\x03\xfc\xbe\x09\x01\xb7\x55\xae\xa5\x27\x22\x62\x5d\xe0\x8f\
\x8c\xed\x71\x54\xaf\x3c\x02\xec\x9b\x99\xdf\xac\x58\xc3\xe3\x9a\
\x89\xc3\xcf\x64\xd6\x8e\xbe\x4d\xc7\x1d\x77\xd5\x72\x4d\xdb\x7c\
\xe6\x5f\x88\x88\x9b\x98\x11\x0c\x2e\x07\xce\x06\xce\xcd\xcc\x87\
\xfa\x5a\xe1\x04\xb4\x3a\x00\x34\x33\x50\x37\x06\x5e\x44\xe9\xf4\
\xb7\x00\x96\xaf\x5a\x94\xe6\xd7\xc8\xf3\xc9\xd1\x93\xef\xa6\x47\
\xc4\x35\xcc\x08\x05\x23\xaf\x57\x64\xe6\x63\xfd\x2a\xac\xf9\x82\
\x7d\x47\x44\x9c\x03\x7c\x83\xba\x5f\x17\xeb\x53\xb6\x0e\xde\x76\
\xd8\xe6\x04\x44\xc4\x9a\xc0\xef\xa9\xdb\xf9\xdf\x0a\xbc\x2a\x33\
\xff\xd2\xef\x0b\x37\x93\x8b\xd7\x61\xd6\xe1\xfb\xb5\x70\x49\xf6\
\x20\x5a\xb9\x69\x5b\x8f\xfa\xb9\x47\x22\xe2\x6f\xc0\x9f\x47\x5a\
\x9b\xc3\x7c\x00\x0f\x01\x8b\xf4\xe0\xbd\xb7\xc9\xcc\x3f\x8e\xab\
\x98\x32\x29\x68\x0b\x4a\x67\xff\x22\xca\x01\x2f\xbd\xa8\x4d\xed\
\x76\x1f\x70\x3a\x65\x03\x9f\x3f\x00\x17\xf4\x6b\x66\x76\x44\xec\
\x00\x1c\x4d\x19\xc9\xa8\xe9\x1c\x60\xbb\xcc\xbc\x77\xbc\x7f\x30\
\x22\xae\xa3\x37\xfb\xe7\x9f\x9d\x99\xb3\xdc\x09\x8d\x45\x44\xac\
\x46\xf9\x9c\xae\x31\xa9\x15\x8d\xcf\xa5\xc0\x2e\x99\x79\x5d\x3f\
\x2e\x16\x11\x0b\x01\x9b\x02\xdb\x52\x56\x39\xbc\x80\x76\xae\x12\
\x52\x6f\x5d\xc1\xa8\x40\x00\x5c\x3e\xde\x95\x56\x11\x71\x01\xf0\
\xec\x49\xae\x6b\x6a\xd5\x00\xd0\x1c\x95\x3a\x72\x77\xff\x42\x60\
\x3d\xea\xcf\xca\x56\xfb\xdc\x45\x19\x36\x3e\x15\x38\x35\x33\xff\
\xde\xcb\x8b\x45\xc4\x06\xc0\x6f\x81\xa7\xf5\xf2\x3a\x63\x70\x06\
\xb0\xd3\x78\x1f\x93\xb4\x2d\x00\x44\xc4\x4a\x94\x83\x74\xd6\x99\
\xfc\x92\xc6\xec\x24\x60\xb7\xcc\xbc\xa7\x57\x17\x68\x36\x76\x7a\
\x1e\xa5\xb3\xdf\x96\xf2\xbd\xcd\x89\xc6\x9a\xd9\x1d\x94\x43\xae\
\x46\x02\xc1\x3c\x1f\x1b\x0c\x7c\x00\x68\xd2\xf0\xf3\x98\x71\x77\
\xff\x42\x9c\xa0\xa7\xf9\x73\x0b\x65\x64\x60\x24\x10\x5c\x3d\xd9\
\x17\x88\x88\x15\x81\x63\xa9\xbf\x44\xed\x64\xe0\xe5\xe3\xd9\x2c\
\xa8\x4d\x01\x20\x22\x56\xa0\x84\xb7\x9a\xb3\xfd\xbf\x03\xec\x3d\
\xd9\xcb\x56\x9b\xed\x9c\x37\x62\x46\x87\xbf\x25\x2d\x5a\x37\xaf\
\x81\xf1\x08\x30\xd7\xc7\x06\x83\x18\x00\x5e\x4d\xf9\x8b\x8d\xdc\
\xdd\x6f\x8a\xcb\x54\xd4\x1b\x37\xf0\xc4\x40\x30\x29\xc7\x01\x47\
\xc4\xe2\x94\x99\xe2\xaf\x9e\x8c\xf7\x9b\x80\xe3\x28\x4b\xd5\xc6\
\xb4\x13\x5a\x5b\x02\x40\x33\x8b\xfd\x0f\x4c\xfe\x37\xae\xb1\x9a\
\x0e\x7c\x28\x33\xbf\x36\x59\x6f\x18\x11\xeb\x33\xa3\xc3\xdf\x9a\
\x32\x41\x4c\x9a\x6c\x33\x3f\x36\x38\x92\x99\x56\x5c\x4d\x82\x9e\
\x06\x00\xa9\x96\x2b\x99\x31\x7f\xe0\x0f\x99\x79\xeb\xfc\xbe\x51\
\xb3\xc1\xca\xff\x00\x1f\x9c\xa4\xda\xe6\xd7\xd1\x94\x2d\x6a\xe7\
\x39\x39\xb2\x0d\x01\x20\x22\x96\xa2\x2c\xf5\xab\x35\x82\x72\x3f\
\xf0\xa6\x89\x6e\xee\x13\x11\x6b\x31\xe3\x19\xfe\x36\xd4\x9d\xc0\
\x28\x4d\x26\x03\x80\x86\x5e\x52\x26\x7f\x9d\xda\xb4\xd3\x32\x73\
\xdc\x47\x04\x47\xc4\x7b\x28\x2b\x04\x6a\x2e\x37\x3d\x0c\x78\xdb\
\xbc\x26\x10\xd5\x0e\x00\x11\xb1\x04\xe5\x99\xfb\x16\x3d\xa8\x61\
\x2c\xfe\x45\x79\x6c\x72\xfe\x78\xff\x60\x44\xac\xca\x8c\x0e\x7f\
\x5b\xea\xcf\x03\x91\x7a\x65\x2a\x94\x00\x90\x36\x5b\x47\xda\xa3\
\xc0\x09\xc0\xdb\x80\xa5\x33\x93\xb1\x36\x60\x67\xca\x81\x25\x35\
\xeb\xff\xd6\x18\xea\xbc\xae\x47\xd7\x3e\x6b\x0c\xd7\x5e\x8c\x32\
\xf2\x52\xeb\xdf\xe7\x12\x60\x95\x71\x7e\x5e\x57\x07\xf6\x03\xce\
\xab\xfc\xb9\xb5\xd9\xfa\xd9\xee\x06\x03\x80\xad\xbb\xed\x21\xe0\
\x57\xc0\x1b\x80\x25\xc6\xd8\x59\x6c\x09\xdc\x53\xb9\xee\x8f\xb6\
\x31\x00\x50\xf6\x4f\x38\xbe\xe2\xbf\xcb\xb9\xc0\x72\x63\xfc\x3c\
\xae\x0c\xec\x03\xfc\xa5\xf2\xe7\xd2\x66\xab\xd5\x0c\x00\x36\x5b\
\xd3\xee\x07\x7e\x46\x39\xa1\x6f\x91\x79\x74\x1e\x9b\x50\x96\xf2\
\xd4\xaa\x75\x3a\xf0\x86\x16\x06\x80\x43\x2b\xfe\x9b\x9c\x01\x2c\
\x35\x8f\xfa\x96\x07\xde\x43\x19\xa1\x78\xac\x62\xad\x36\x5b\x1b\
\x9a\x01\xc0\x66\x9b\x4d\xbb\x1b\xf8\x21\xb0\x13\xb0\xe0\x1c\x3a\
\x93\x0d\x28\xa7\x22\xd6\xaa\xf1\x21\xe0\x45\x6d\x09\x00\xc0\x27\
\x2a\xfe\x5b\x9c\x08\x2c\x3e\x87\xba\x96\xa6\x3c\xee\x39\x81\xf2\
\xf8\xa7\xf6\xff\x2d\x9b\xad\x2d\xcd\x00\x60\xb3\xcd\xa3\xdd\x46\
\x59\x47\xbe\x35\x30\x65\xa6\xce\x65\x1d\xe0\xfa\x8a\xb5\xdd\x01\
\xac\x5b\x3b\x00\x00\x7b\x54\xfc\x37\xf8\x25\x33\x8d\xd8\x50\x36\
\xdf\x79\x23\xf0\x6b\xe0\xe1\x8a\xb5\xd9\x6c\x6d\x6e\x06\x00\x9b\
\x6d\x1c\xed\x5f\xc0\x41\xc0\xe6\xa3\x3a\x9b\xa7\x51\xd6\xec\xd6\
\xaa\xe9\x2a\x60\x85\x5a\x01\x80\x32\x5b\xbe\x56\x27\xfb\x63\x9a\
\x11\x1a\xca\x16\xbb\xaf\xa1\xac\x97\xbe\xbf\xe2\xe7\xc3\x66\x1b\
\x94\x76\xb7\xcb\x00\xa5\xf9\x73\x1d\xa5\xb3\xf9\x19\x70\x33\x65\
\xd9\xdb\x86\x95\x6a\x39\x0b\xd8\x36\x33\x1f\x84\xfe\x2d\x03\x8c\
\x88\x67\x52\x36\x29\x79\x72\x0f\xae\x35\x2f\xdf\xa5\x4c\xe2\x7b\
\x09\x65\x12\xe7\xab\x80\x27\x55\xa8\x43\x1a\x54\x53\x3d\x81\x4a\
\x9a\x3f\x6b\x00\x1f\x01\xce\xa7\x4c\x2a\xfb\x23\x65\x48\xbe\x86\
\xcd\x81\xc3\x9b\xad\x69\xfb\xa2\xd9\xdf\xff\x78\xea\x74\xfe\x7f\
\xa3\xec\xc7\x70\x13\xe5\xcc\x86\x3d\xb0\xf3\x97\xc6\xcd\x11\x80\
\xde\x7a\x14\xb8\x93\xb2\xe1\xc2\xa3\xc0\xb4\xa6\x3d\x36\x8e\x8f\
\x1f\xa3\x7c\x7e\x96\x98\x4b\x5b\x0c\x0f\x51\x12\x7c\x25\x33\x3f\
\xd4\xeb\x11\x80\x66\xa3\x9f\xd3\x29\x67\x7b\x48\x1a\x4c\x53\x6b\
\x9e\x7b\x3e\x48\x1e\xa5\x0c\xf3\xde\x39\x9b\x76\xd7\x9c\x7e\x2e\
\x33\xef\xeb\x47\x71\xcd\x9d\xdf\xe2\xcc\x3e\x1c\x2c\x4b\xd9\xbe\
\x74\xe5\xe6\x75\xf4\xc7\xee\x63\x3e\x5c\x3e\x18\x11\xd7\xf6\xf2\
\x02\xcd\x89\x77\x47\x62\xe7\x2f\x0d\x3c\x47\x00\x8a\xc7\x28\x13\
\xbc\xae\x6d\xda\x75\x33\xbd\xfe\x2b\xfb\x74\x1e\x7d\x3f\x45\xc4\
\xc2\xc0\x8a\xcc\x3e\x1c\xac\x44\x99\xe0\xb6\x36\xfe\xff\x18\x24\
\x23\x23\x47\xbd\xf8\x9c\x9d\x4d\x79\xe4\xf1\x9e\x1e\xbc\xb7\x06\
\xcf\x23\x94\x9d\x31\x67\x6e\x8f\x50\x1e\xd1\x2c\x38\xea\x75\xe6\
\x8f\xe7\xf4\x6b\x0b\x03\x0b\xf5\xf3\x2f\xd1\x61\x9d\x3a\x0b\xe0\
\x76\xe0\x72\x66\xed\xdc\xaf\x03\x6e\xc8\x49\x3e\x2a\x74\x58\x34\
\x87\xe1\xac\x01\x3c\x03\x58\xaf\x79\x1d\x69\x1e\x8c\xd2\x2d\x8f\
\xe2\x37\xe7\x61\xf2\x20\x65\x64\x73\xa4\xfd\x7b\xd4\xeb\x5d\xcc\
\xbe\x73\x7f\xbc\xe5\x18\x0e\xa6\x9a\x1f\xcd\x23\xa6\x65\x9b\xb6\
\xdc\x1c\x5e\x67\xf7\x73\xfe\xdf\x1c\x9f\xa1\x0c\x00\xd3\x29\xa7\
\xc1\x5d\x00\x5c\xd8\xb4\x0b\x32\xf3\xa6\xaa\x55\x0d\xa1\xe6\xc4\
\xb7\x67\xcc\xd4\xd6\xa3\xac\x8f\x5f\xb4\x62\x69\x52\x97\x4d\x03\
\xae\xa1\xec\x51\x31\xd2\xa9\xdf\x3c\xf3\xc7\x99\x39\xb5\x5a\x85\
\x3d\x10\x11\x4f\xa2\x8c\x5a\xae\x31\x87\xb6\x7c\x8d\xba\x5a\x6c\
\xe0\x03\xc0\x7d\xc0\x45\x3c\xb1\xb3\xbf\x38\x33\x1f\xa8\x5a\x55\
\xc7\x35\xa3\x06\x6b\x01\x9b\x02\x9b\x35\xaf\xcf\x65\x70\xff\x9f\
\x49\x6d\x74\x0b\x65\x0f\x8a\xcb\x67\x6a\xd7\x38\xa2\x39\xab\x88\
\x58\x92\x39\x87\x83\x35\x29\xa3\x08\x5d\x32\x50\x01\x60\x2a\x70\
\x26\xe5\xc0\x8f\x91\xce\xfe\xea\x6c\x76\x01\x51\xbb\x35\xf3\x0d\
\x9e\xcd\x13\x43\xc1\xba\xb8\x7a\x41\x9a\x9b\x07\x29\x9b\x3d\xcd\
\xdc\xc9\x5f\x3e\x6c\x77\xf0\xb5\x45\xc4\x53\x80\xe7\x50\xbe\x4f\
\x8d\xb4\xf5\x28\x73\x13\x86\xd1\xd4\x00\x2e\xa3\x0c\xdd\xb6\xcd\
\xed\x94\x03\x3e\x4e\x07\x4e\x03\x2e\x1c\xc6\x89\x78\x5d\x16\x11\
\x4f\xa6\x04\x81\xd1\xa1\xe0\x29\x55\x8b\x92\xea\x79\x90\x32\xc9\
\xf2\xaf\xc0\x39\xcd\xeb\x55\xde\xe4\xd4\x13\x11\x8b\x00\xcf\x64\
\xd6\x60\xb0\x4c\xcd\xba\x26\xc9\xd4\x00\xfe\x13\xf8\x66\xed\x4a\
\x28\xb3\xf0\x4f\x1f\xd5\xfe\xe1\x7f\xfc\xee\x89\x88\x35\x80\x17\
\x02\xdb\x37\x6d\xe5\x9a\xf5\x48\x3d\x32\x0d\xb8\x84\xd2\xc9\x8f\
\x74\xf8\x97\x3a\x74\x3f\x18\x22\x62\x35\x9e\x18\x0a\x36\x07\x56\
\xad\x5a\xd4\xf8\xdd\x11\x94\x65\x17\x17\xd1\xff\x51\x80\x6b\x18\
\xd5\xe1\x67\xe6\xd5\x7d\xbe\xbe\x06\x40\x44\x3c\x0b\xd8\x81\x12\
\x06\xb6\xa2\xec\x77\x20\x0d\x92\xa4\x4c\x4c\xfe\xeb\xa8\x76\xfe\
\xc8\xd6\xcd\x1a\x0e\x11\xb1\x26\xb0\x25\xe5\xfb\xd4\x96\xc0\xd3\
\xeb\x56\x34\x4f\x7b\x44\x66\x12\x11\x3b\x50\x8e\xd4\xec\xa5\x7b\
\x29\x47\x72\x1e\x07\x9c\x9a\x99\xff\xea\xf1\xf5\x34\x64\x9a\x79\
\x04\x23\xa3\x03\x3b\x50\x26\x16\xba\x9d\xb5\xda\xe8\x12\xe0\xf7\
\xc0\x29\xc0\x9f\x32\xf3\xee\xca\xf5\xa8\xcf\x22\x62\x15\x4a\x10\
\x18\x09\x05\xeb\xd7\xad\xe8\x09\xbe\x90\x99\x1f\x8f\x91\x51\xf6\
\x88\xb8\x9b\x72\x76\xf6\x64\xba\x11\x38\xb6\x69\x7f\xcc\xcc\x47\
\x26\xf9\xfd\xd5\x61\x11\xb1\x1c\xb0\x1d\x33\x1e\x17\x3c\xad\x6e\
\x45\xea\xb0\x7f\x52\x3a\xfb\x53\x80\xdf\x67\xe6\xcd\x95\xeb\x51\
\xcb\x44\xc4\x0a\xcc\x08\x04\x5b\x02\x1b\xd1\xff\x1b\x98\x47\x80\
\x4f\x01\x5f\xca\xcc\x1c\x1d\x00\x7e\x03\xbc\x6c\x12\x2e\x70\x1e\
\x4d\xa7\x9f\x99\xe7\x4f\xc2\xfb\x49\x63\x12\x11\xcf\x00\x5e\x01\
\xec\x06\x6c\x52\xb9\x1c\x0d\xb7\xa9\x94\x43\xa0\x4e\x01\x4e\xc9\
\xcc\xcb\x2b\xd7\xa3\x01\xd3\x4c\x82\x7e\x11\xb0\x23\xf0\x72\x7a\
\x73\x7e\xc7\x68\x17\x03\x6f\xca\xcc\x4b\x1e\xaf\x61\x54\x00\x98\
\x02\x7c\x1c\xf8\x24\xe3\x5b\xf6\xf0\x08\xe5\x0b\x61\xa4\xd3\xff\
\xe7\xa4\x95\x2b\xcd\xa7\x66\x32\xe1\x6b\x29\x61\x60\xd3\xaa\xc5\
\x68\x18\x3c\x42\x59\x86\x3c\x72\x97\x7f\x6e\xaf\x76\xc2\x53\x37\
\x45\xc4\x46\x94\x20\xf0\x0a\xca\x0d\xcc\x64\x2f\x91\xde\x3f\x33\
\x0f\x78\xc2\x35\x67\x9e\x68\x1f\x11\x1b\x02\x07\x31\xf7\x09\x0c\
\xd3\x28\x5f\x0c\xc7\x02\x27\x66\xe6\xbd\x93\x5c\xa8\x34\x69\x22\
\x62\x75\x4a\x10\x30\x0c\x68\x3c\xee\x05\x7e\x03\x1c\x03\x1c\xef\
\x06\x63\xea\x97\x88\x58\x11\xd8\x85\x12\x08\xb6\x63\xe2\x93\x9f\
\x1f\x04\x5e\x93\x99\x27\x3c\xe1\x3a\xae\xb4\x53\x97\x34\x61\x60\
\x64\x64\x60\xb3\xca\xe5\xa8\x7d\xee\xa2\xdc\xd8\x1c\x03\x9c\x94\
\x99\x0f\x57\xae\x47\x1d\x17\x11\x8b\x01\x2f\xa1\x8c\x0c\xec\xc2\
\xf8\xcf\x60\xf9\x1b\xb0\x7b\x66\x5e\x36\xcb\x7b\x1b\x00\xd4\x55\
\x11\xf1\x34\x9e\x38\x32\xe0\xae\x84\xdd\x74\x1b\xf0\x2b\x4a\xa7\
\x7f\x6a\x66\x3e\x5a\xb9\x1e\x69\xb6\x9a\xa3\xdf\x37\x66\x46\x18\
\x98\xdb\x3e\x29\xd3\x81\x6f\x01\x07\xcc\x69\x7f\x09\x03\x80\xc4\
\xe3\x73\x06\xf6\x6c\xda\x2a\x55\x8b\x51\x3f\xfc\x1b\xf8\x05\xa5\
\xd3\x3f\xdd\xe7\xf9\xea\x22\x03\x80\x34\x4a\x44\x2c\x00\xec\x0c\
\xec\xd5\xbc\x2e\x50\xb7\x22\x4d\xa2\x7f\x01\x47\x51\x3a\xfd\x33\
\xdd\x69\x54\x5d\x67\x00\x90\xe6\xa0\xd9\xc8\x63\x4f\xe0\x1d\xf4\
\x7e\x89\x8e\x7a\x63\x1a\x65\x22\xdf\x0f\x80\x13\xbc\xd3\x97\x66\
\x30\x00\x48\xf3\xd0\x2c\x91\xdd\x1e\x78\x17\x65\x56\xee\x42\x75\
\x2b\xd2\x18\x5c\x49\xe9\xf4\x7f\x94\x99\xb7\xd4\x2e\x46\x6a\x23\
\x03\x80\x34\x0e\x11\xf1\x54\xe0\xed\xc0\x3b\x69\xff\x5e\xdf\x5d\
\xf3\x20\xf0\x73\xe0\x07\x99\x79\x7a\xed\x62\xa4\xb6\x33\x00\x48\
\xf3\xa1\x99\x8d\xbb\x0d\x65\x54\x60\x57\x86\xf7\xcc\xf0\x41\x70\
\x3e\xe5\x6e\xff\x08\xf7\xdc\x97\xc6\xce\x00\x20\x4d\x50\xb3\x9c\
\x70\x5f\xca\xa8\xc0\x12\x95\xcb\xe9\x8a\xa9\xc0\x11\x94\xbb\xfd\
\xf3\x6a\x17\x23\x0d\x22\x03\x80\x34\x49\x22\x62\x59\xe0\xbd\xc0\
\xde\xc0\xf2\x95\xcb\x19\x56\x17\x03\x5f\x05\x8e\xf4\x38\x5d\x69\
\x62\x0c\x00\xd2\x24\x6b\x76\xee\x7a\x07\x65\x54\x60\xcd\xca\xe5\
\x0c\x8b\x53\x80\x03\x33\xb3\xd7\xc7\x96\x4b\x9d\x61\x00\x90\x7a\
\xa4\xd9\x53\xe0\x75\xc0\x7e\xc0\x73\x2a\x97\x33\x88\x1e\x05\x8e\
\xa4\x74\xfc\x17\xd6\x2e\x46\x1a\x36\x06\x00\xa9\x0f\x22\x62\x47\
\xe0\x23\x94\x89\x83\x9a\xbb\x7b\x80\xef\x01\x07\x7b\xba\xa8\xd4\
\x3b\x06\x00\xa9\x8f\x22\x62\x13\xca\x88\xc0\x6b\x80\x29\x95\xcb\
\x69\x9b\x1b\x81\x83\x81\xef\x67\xe6\x3d\xb5\x8b\x91\x86\x9d\x01\
\x40\xaa\x20\x22\xd6\x01\x3e\x03\xbc\x01\x0f\x21\x3a\x1f\xf8\x0a\
\x65\x62\xdf\x6c\x0f\x2d\x91\x34\xf9\x0c\x00\x52\x45\x11\xf1\x1c\
\xe0\x8b\xc0\x4e\xb5\x6b\xa9\xe0\x64\xe0\x4b\x99\xf9\xfb\xda\x85\
\x48\x5d\x64\x00\x90\x5a\x20\x22\xb6\x06\x0e\x00\x36\xab\x5c\x4a\
\x3f\xfc\x19\xf8\x98\xbb\xf5\x49\x75\x19\x00\xa4\x16\x89\x88\x57\
\x03\x5f\x00\xd6\xab\x5d\x4b\x0f\x5c\x00\x7c\x3c\x33\x7f\x57\xbb\
\x10\x49\x4e\x42\x92\x5a\x25\x33\x7f\x09\x6c\x40\xd9\x55\x70\x58\
\x66\xc0\x5f\x41\x99\xeb\xf0\x3c\x3b\x7f\xa9\x3d\x1c\x01\x90\x5a\
\x2a\x22\x16\xa5\xec\x2c\xb8\x3f\xb0\x6c\xe5\x72\xe6\xc7\x8d\x94\
\x89\x8e\x3f\xf4\x18\x5e\xa9\x7d\x0c\x00\x52\xcb\x45\xc4\xd2\x94\
\x3d\x04\xf6\x01\x16\xaf\x5c\xce\x58\xdc\x4a\x79\x8c\xf1\x9d\xcc\
\x7c\xb8\x76\x31\x92\x66\xcf\x00\x20\x0d\x88\x88\x58\x89\x72\x47\
\xfd\x0e\xda\xf9\xf8\x6e\x2a\x70\x20\x70\x50\x66\xde\x57\xbb\x18\
\x49\x73\x67\x00\x90\x06\x4c\xb3\x99\xd0\xb7\x81\x8d\x6b\xd7\xd2\
\x78\x10\x38\x84\xb2\xa4\xef\xae\xda\xc5\x48\x1a\x1b\x03\x80\x34\
\x80\x22\x62\x0a\xf0\x1e\xe0\xf3\xc0\x93\x2b\x96\xf2\x2b\xe0\xfd\
\x99\x79\x7d\xc5\x1a\x24\xcd\x07\x03\x80\x34\xc0\x22\xe2\x29\x94\
\x61\xf7\x3d\xfa\x7c\xe9\x2b\x81\xf7\x65\xe6\x09\x7d\xbe\xae\xa4\
\x49\x62\x00\x90\x86\x40\x44\x6c\x09\x7c\x0b\x78\x56\x8f\x2f\xf5\
\x00\x65\x82\xdf\x81\x4e\xf0\x93\x06\x9b\x01\x40\x1a\x12\x11\xb1\
\x20\xf0\x01\xe0\x53\xc0\x12\x3d\xb8\xc4\x2f\x80\x0f\x64\xe6\x0d\
\x3d\x78\x6f\x49\x7d\x66\x00\x90\x86\x4c\x44\xac\x0a\x1c\x04\xec\
\x3a\x49\x6f\x79\x05\x65\xb8\xff\xc4\x49\x7a\x3f\x49\x2d\xd0\xc6\
\xa5\x44\x92\x26\x20\x33\xff\x99\x99\xaf\x05\x5e\x0a\x5c\x35\x81\
\xb7\x7a\x00\xf8\x18\xb0\xa1\x9d\xbf\x34\x7c\x1c\x01\x90\x86\x58\
\x44\x2c\x02\x7c\x14\xd8\x8f\xf1\x6d\x22\xf4\x73\x60\xdf\xcc\xbc\
\xb1\x27\x85\x49\xaa\xce\x00\x20\x75\x40\x44\xac\x02\x7c\x96\x79\
\xef\x1d\x70\x2f\xf0\xd9\xcc\x3c\xb9\xf7\x55\x49\xaa\xc9\x00\x20\
\x49\x52\x07\x39\x07\x40\x92\xa4\x0e\x32\x00\x48\x92\xd4\x41\x06\
\x00\x49\x92\x3a\xc8\x00\x20\x49\x52\x07\x19\x00\x24\x49\xea\x20\
\x03\x80\x24\x49\x1d\x64\x00\x90\x24\xa9\x83\x0c\x00\x92\x24\x75\
\x90\x01\x40\x92\xa4\x0e\x32\x00\x48\x92\xd4\x41\x06\x00\x49\x92\
\x3a\xc8\x00\x20\x49\x52\x07\x19\x00\x24\x49\xea\x20\x03\x80\x24\
\x49\x1d\x64\x00\x90\x24\xa9\x83\x0c\x00\x92\x24\x75\x90\x01\x40\
\x92\xa4\x0e\x32\x00\x48\x92\xd4\x41\x06\x00\x49\x92\x3a\xc8\x00\
\x20\x49\x52\x07\x19\x00\x24\x49\xea\x20\x03\x80\x24\x49\x1d\x64\
\x00\x90\x24\xa9\x83\x0c\x00\x92\x24\x75\x90\x01\x40\x92\xa4\x0e\
\x32\x00\x48\x92\xd4\x41\x06\x00\x49\x92\x3a\xc8\x00\x20\x49\x52\
\x07\x19\x00\x24\x49\xea\x20\x03\x80\x24\x49\x1d\x64\x00\x90\x24\
\xa9\x83\x0c\x00\x92\x24\x75\x90\x01\x40\x92\xa4\x0e\x32\x00\x48\
\x92\xd4\x41\x06\x00\x49\x92\x3a\xc8\x00\x20\x49\x52\x07\x19\x00\
\x24\x49\xea\x20\x03\x80\x24\x49\x1d\xf4\xff\x01\xaa\xf1\xce\x06\
\xcc\xe5\x5f\xc6\x00\x00\x00\x00\x49\x45\x4e\x44\xae\x42\x60\x82\
\
"

qt_resource_name = b"\
\x00\x05\
\x00\x6f\xa6\x4f\
\x00\x69\
\x00\x63\x00\x6f\x00\x6e\x00\x6f\
\x00\x0b\
\x08\x93\x5f\x87\
\x00\x63\
\x00\x61\x00\x6d\x00\x70\x00\x61\x00\x6e\x00\x61\x00\x2e\x00\x70\x00\x6e\x00\x67\
\x00\x0e\
\x08\xda\xd8\x27\
\x00\x63\
\x00\x61\x00\x6c\x00\x65\x00\x6e\x00\x64\x00\x61\x00\x72\x00\x69\x00\x6f\x00\x2e\x00\x70\x00\x6e\x00\x67\
\x00\x11\
\x0c\x16\xae\x87\
\x00\x6c\
\x00\x69\x00\x62\x00\x72\x00\x6f\x00\x2d\x00\x61\x00\x62\x00\x69\x00\x65\x00\x72\x00\x74\x00\x6f\x00\x2e\x00\x70\x00\x6e\x00\x67\
\
"

qt_resource_struct_v1 = b"\
\x00\x00\x00\x00\x00\x02\x00\x00\x00\x01\x00\x00\x00\x01\
\x00\x00\x00\x00\x00\x02\x00\x00\x00\x03\x00\x00\x00\x02\
\x00\x00\x00\x10\x00\x00\x00\x00\x00\x01\x00\x00\x00\x00\
\x00\x00\x00\x2c\x00\x00\x00\x00\x00\x01\x00\x00\x2a\xbf\
\x00\x00\x00\x4e\x00\x00\x00\x00\x00\x01\x00\x00\x42\xc5\
"

qt_resource_struct_v2 = b"\
\x00\x00\x00\x00\x00\x02\x00\x00\x00\x01\x00\x00\x00\x01\
\x00\x00\x00\x00\x00\x00\x00\x00\
\x00\x00\x00\x00\x00\x02\x00\x00\x00\x03\x00\x00\x00\x02\
\x00\x00\x00\x00\x00\x00\x00\x00\
\x00\x00\x00\x10\x00\x00\x00\x00\x00\x01\x00\x00\x00\x00\
\x00\x00\x01\x92\xac\x3b\xe2\xe4\
\x00\x00\x00\x2c\x00\x00\x00\x00\x00\x01\x00\x00\x2a\xbf\
\x00\x00\x01\x92\xac\x35\x6b\xa8\
\x00\x00\x00\x4e\x00\x00\x00\x00\x00\x01\x00\x00\x42\xc5\
\x00\x00\x01\x92\xac\x39\xa3\x93\
"

qt_version = [int(v) for v in QtCore.qVersion().split('.')]
if qt_version < [5, 8, 0]:
    rcc_version = 1
    qt_resource_struct = qt_resource_struct_v1
else:
    rcc_version = 2
    qt_resource_struct = qt_resource_struct_v2

def qInitResources():
    QtCore.qRegisterResourceData(rcc_version, qt_resource_struct, qt_resource_name, qt_resource_data)

def qCleanupResources():
    QtCore.qUnregisterResourceData(rcc_version, qt_resource_struct, qt_resource_name, qt_resource_data)

qInitResources()
